game_id,possession_id,video_file,context,t_s,frame_path
1,1_P0001,IMG_6154.MOV,tm,16.0,C:\Users\sdris\Documents\git\waterpolo-xg\app\reports\frames\1-1-p0001-q1-n7-standard_tm.jpg
1,1_P0001,IMG_6154.MOV,t0,18.0,C:\Users\sdris\Documents\git\waterpolo-xg\app\reports\frames\1-1-p0001-q1-n7-standard_t0.jpg
1,1_P0001,IMG_6154.MOV,tp,20.0,C:\Users\sdris\Documents\git\waterpolo-xg\app\reports\frames\1-1-p0001-q1-n7-standard_tp.jpg
1,1_P0002,IMG_6155.MOV,tm,37.0,C:\Users\sdris\Documents\git\waterpolo-xg\app\reports\frames\1-1-p0002-q1-n11-standard_tm.jpg
1,1_P0002,IMG_6155.MOV,t0,39.0,C:\Users\sdris\Documents\git\waterpolo-xg\app\reports\frames\1-1-p0002-q1-n11-standard_t0.jpg
1,1_P0002,IMG_6155.MOV,tp,41.0,C:\Users\sdris\Documents\git\waterpolo-xg\app\reports\frames\1-1-p0002-q1-n11-standard_tp.jpg
1,1_P0003,IMG_6156.MOV,tm,24.0,C:\Users\sdris\Documents\git\waterpolo-xg\app\reports\frames\1-1-p0003-q1-n7-standard_tm.jpg
1,1_P0003,IMG_6156.MOV,t0,26.0,C:\Users\sdris\Documents\git\waterpolo-xg\app\reports\frames\1-1-p0003-q1-n7-standard_t0.jpg
1,1_P0003,IMG_6156.MOV,tp,28.0,C:\Users\sdris\Documents\git\waterpolo-xg\app\reports\frames\1-1-p0003-q1-n7-standard_tp.jpg
1,1_P0004,IMG_6157.MOV,tm,46.0,C:\Users\sdris\Documents\git\waterpolo-xg\app\reports\frames\1-1-p0004-q1-nnan-nan_tm.jpg
1,1_P0004,IMG_6157.MOV,t0,48.0,C:\Users\sdris\Documents\git\waterpolo-xg\app\reports\frames\1-1-p0004-q1-nnan-nan_t0.jpg
1,1_P0004,IMG_6157.MOV,tp,50.0,C:\Users\sdris\Documents\git\waterpolo-xg\app\reports\frames\1-1-p0004-q1-nnan-nan_tp.jpg
1,1_P0005,IMG_6159.MOV,tm,1.0,C:\Users\sdris\Documents\git\waterpolo-xg\app\reports\frames\1-1-p0005-q1-nnan-nan_tm.jpg
1,1_P0005,IMG_6159.MOV,t0,3.0,C:\Users\sdris\Documents\git\waterpolo-xg\app\reports\frames\1-1-p0005-q1-nnan-nan_t0.jpg
1,1_P0005,IMG_6159.MOV,tp,5.0,C:\Users\sdris\Documents\git\waterpolo-xg\app\reports\frames\1-1-p0005-q1-nnan-nan_tp.jpg
1,1_P0006,IMG_6162.MOV,tm,29.0,C:\Users\sdris\Documents\git\waterpolo-xg\app\reports\frames\1-1-p0006-q1-n4-standard_tm.jpg
1,1_P0006,IMG_6162.MOV,t0,31.0,C:\Users\sdris\Documents\git\waterpolo-xg\app\reports\frames\1-1-p0006-q1-n4-standard_t0.jpg
1,1_P0006,IMG_6162.MOV,tp,33.0,C:\Users\sdris\Documents\git\waterpolo-xg\app\reports\frames\1-1-p0006-q1-n4-standard_tp.jpg
1,1_P0007,IMG_6164.MOV,tm,15.0,C:\Users\sdris\Documents\git\waterpolo-xg\app\reports\frames\1-1-p0007-q1-n4-standard_tm.jpg
1,1_P0007,IMG_6164.MOV,t0,17.0,C:\Users\sdris\Documents\git\waterpolo-xg\app\reports\frames\1-1-p0007-q1-n4-standard_t0.jpg
1,1_P0007,IMG_6164.MOV,tp,19.0,C:\Users\sdris\Documents\git\waterpolo-xg\app\reports\frames\1-1-p0007-q1-n4-standard_tp.jpg
1,1_P0008,IMG_6165.MOV,tm,9.0,C:\Users\sdris\Documents\git\waterpolo-xg\app\reports\frames\1-1-p0008-q1-n4-lob_tm.jpg
1,1_P0008,IMG_6165.MOV,t0,11.0,C:\Users\sdris\Documents\git\waterpolo-xg\app\reports\frames\1-1-p0008-q1-n4-lob_t0.jpg
1,1_P0008,IMG_6165.MOV,tp,13.0,C:\Users\sdris\Documents\git\waterpolo-xg\app\reports\frames\1-1-p0008-q1-n4-lob_tp.jpg
1,1_P0009,IMG_6166.MOV,tm,14.0,C:\Users\sdris\Documents\git\waterpolo-xg\app\reports\frames\1-1-p0009-q1-n5-standard_tm.jpg
1,1_P0009,IMG_6166.MOV,t0,16.0,C:\Users\sdris\Documents\git\waterpolo-xg\app\reports\frames\1-1-p0009-q1-n5-standard_t0.jpg
1,1_P0009,IMG_6166.MOV,tp,18.0,C:\Users\sdris\Documents\git\waterpolo-xg\app\reports\frames\1-1-p0009-q1-n5-standard_tp.jpg
1,1_P0010,IMG_6167.MOV,tm,19.0,C:\Users\sdris\Documents\git\waterpolo-xg\app\reports\frames\1-1-p0010-q1-nnan-nan_tm.jpg
1,1_P0010,IMG_6167.MOV,t0,21.0,C:\Users\sdris\Documents\git\waterpolo-xg\app\reports\frames\1-1-p0010-q1-nnan-nan_t0.jpg
1,1_P0010,IMG_6167.MOV,tp,23.0,C:\Users\sdris\Documents\git\waterpolo-xg\app\reports\frames\1-1-p0010-q1-nnan-nan_tp.jpg
1,1_P0011,IMG_6169.MOV,tm,22.0,C:\Users\sdris\Documents\git\waterpolo-xg\app\reports\frames\1-1-p0011-q1-n4-standard_tm.jpg
1,1_P0011,IMG_6169.MOV,t0,24.0,C:\Users\sdris\Documents\git\waterpolo-xg\app\reports\frames\1-1-p0011-q1-n4-standard_t0.jpg
1,1_P0011,IMG_6169.MOV,tp,26.0,C:\Users\sdris\Documents\git\waterpolo-xg\app\reports\frames\1-1-p0011-q1-n4-standard_tp.jpg
1,1_P0012,IMG_6171.MOV,tm,15.0,C:\Users\sdris\Documents\git\waterpolo-xg\app\reports\frames\1-1-p0012-q1-n3-tip-deflection_tm.jpg
1,1_P0012,IMG_6171.MOV,t0,17.0,C:\Users\sdris\Documents\git\waterpolo-xg\app\reports\frames\1-1-p0012-q1-n3-tip-deflection_t0.jpg
1,1_P0012,IMG_6171.MOV,tp,19.0,C:\Users\sdris\Documents\git\waterpolo-xg\app\reports\frames\1-1-p0012-q1-n3-tip-deflection_tp.jpg
1,1_P0013,IMG_6173.MOV,tm,32.0,C:\Users\sdris\Documents\git\waterpolo-xg\app\reports\frames\1-1-p0013-q2-n7-lob_tm.jpg
1,1_P0013,IMG_6173.MOV,t0,34.0,C:\Users\sdris\Documents\git\waterpolo-xg\app\reports\frames\1-1-p0013-q2-n7-lob_t0.jpg
1,1_P0013,IMG_6173.MOV,tp,36.0,C:\Users\sdris\Documents\git\waterpolo-xg\app\reports\frames\1-1-p0013-q2-n7-lob_tp.jpg
1,1_P0014,IMG_6175.MOV,tm,14.0,C:\Users\sdris\Documents\git\waterpolo-xg\app\reports\frames\1-1-p0014-q2-n7-standard_tm.jpg
1,1_P0014,IMG_6175.MOV,t0,16.0,C:\Users\sdris\Documents\git\waterpolo-xg\app\reports\frames\1-1-p0014-q2-n7-standard_t0.jpg
1,1_P0014,IMG_6175.MOV,tp,18.0,C:\Users\sdris\Documents\git\waterpolo-xg\app\reports\frames\1-1-p0014-q2-n7-standard_tp.jpg
1,1_P0015,IMG_6177.MOV,tm,11.0,C:\Users\sdris\Documents\git\waterpolo-xg\app\reports\frames\1-1-p0015-q2-n3-standard_tm.jpg
1,1_P0015,IMG_6177.MOV,t0,13.0,C:\Users\sdris\Documents\git\waterpolo-xg\app\reports\frames\1-1-p0015-q2-n3-standard_t0.jpg
1,1_P0015,IMG_6177.MOV,tp,15.0,C:\Users\sdris\Documents\git\waterpolo-xg\app\reports\frames\1-1-p0015-q2-n3-standard_tp.jpg
1,1_P0016,IMG_6179.MOV,tm,8.0,C:\Users\sdris\Documents\git\waterpolo-xg\app\reports\frames\1-1-p0016-q2-n4-standard_tm.jpg
1,1_P0016,IMG_6179.MOV,t0,10.0,C:\Users\sdris\Documents\git\waterpolo-xg\app\reports\frames\1-1-p0016-q2-n4-standard_t0.jpg
1,1_P0016,IMG_6179.MOV,tp,12.0,C:\Users\sdris\Documents\git\waterpolo-xg\app\reports\frames\1-1-p0016-q2-n4-standard_tp.jpg
1,1_P0017,IMG_6181.MOV,tm,18.0,C:\Users\sdris\Documents\git\waterpolo-xg\app\reports\frames\1-1-p0017-q2-n3-standard_tm.jpg
1,1_P0017,IMG_6181.MOV,t0,20.0,C:\Users\sdris\Documents\git\waterpolo-xg\app\reports\frames\1-1-p0017-q2-n3-standard_t0.jpg
1,1_P0017,IMG_6181.MOV,tp,22.0,C:\Users\sdris\Documents\git\waterpolo-xg\app\reports\frames\1-1-p0017-q2-n3-standard_tp.jpg
1,1_P0018,IMG_6183.MOV,tm,24.0,C:\Users\sdris\Documents\git\waterpolo-xg\app\reports\frames\1-1-p0018-q2-n12-skip_tm.jpg
1,1_P0018,IMG_6183.MOV,t0,26.0,C:\Users\sdris\Documents\git\waterpolo-xg\app\reports\frames\1-1-p0018-q2-n12-skip_t0.jpg
1,1_P0018,IMG_6183.MOV,tp,28.0,C:\Users\sdris\Documents\git\waterpolo-xg\app\reports\frames\1-1-p0018-q2-n12-skip_tp.jpg
1,1_P0019,IMG_6184.MOV,tm,36.0,C:\Users\sdris\Documents\git\waterpolo-xg\app\reports\frames\1-1-p0019-q2-n14-skip_tm.jpg
1,1_P0019,IMG_6184.MOV,t0,38.0,C:\Users\sdris\Documents\git\waterpolo-xg\app\reports\frames\1-1-p0019-q2-n14-skip_t0.jpg
1,1_P0019,IMG_6184.MOV,tp,40.0,C:\Users\sdris\Documents\git\waterpolo-xg\app\reports\frames\1-1-p0019-q2-n14-skip_tp.jpg
1,1_P0020,IMG_6186.MOV,tm,39.0,C:\Users\sdris\Documents\git\waterpolo-xg\app\reports\frames\1-1-p0020-q2-n12-standard_tm.jpg
1,1_P0020,IMG_6186.MOV,t0,41.0,C:\Users\sdris\Documents\git\waterpolo-xg\app\reports\frames\1-1-p0020-q2-n12-standard_t0.jpg
1,1_P0020,IMG_6186.MOV,tp,43.0,C:\Users\sdris\Documents\git\waterpolo-xg\app\reports\frames\1-1-p0020-q2-n12-standard_tp.jpg
1,1_P0021,IMG_6189.MOV,tm,8.0,C:\Users\sdris\Documents\git\waterpolo-xg\app\reports\frames\1-1-p0021-q3-n4-standard_tm.jpg
1,1_P0021,IMG_6189.MOV,t0,10.0,C:\Users\sdris\Documents\git\waterpolo-xg\app\reports\frames\1-1-p0021-q3-n4-standard_t0.jpg
1,1_P0021,IMG_6189.MOV,tp,12.0,C:\Users\sdris\Documents\git\waterpolo-xg\app\reports\frames\1-1-p0021-q3-n4-standard_tp.jpg
1,1_P0022,IMG_6190.MOV,tm,13.0,C:\Users\sdris\Documents\git\waterpolo-xg\app\reports\frames\1-1-p0022-q3-n4-lob_tm.jpg
1,1_P0022,IMG_6190.MOV,t0,15.0,C:\Users\sdris\Documents\git\waterpolo-xg\app\reports\frames\1-1-p0022-q3-n4-lob_t0.jpg
1,1_P0022,IMG_6190.MOV,tp,17.0,C:\Users\sdris\Documents\git\waterpolo-xg\app\reports\frames\1-1-p0022-q3-n4-lob_tp.jpg
1,1_P0023,IMG_6194.MOV,tm,7.0,C:\Users\sdris\Documents\git\waterpolo-xg\app\reports\frames\1-1-p0023-q3-n7-standard_tm.jpg
1,1_P0023,IMG_6194.MOV,t0,9.0,C:\Users\sdris\Documents\git\waterpolo-xg\app\reports\frames\1-1-p0023-q3-n7-standard_t0.jpg
1,1_P0023,IMG_6194.MOV,tp,11.0,C:\Users\sdris\Documents\git\waterpolo-xg\app\reports\frames\1-1-p0023-q3-n7-standard_tp.jpg
1,1_P0024,IMG_6196.MOV,tm,4.0,C:\Users\sdris\Documents\git\waterpolo-xg\app\reports\frames\1-1-p0024-q3-n12-skip_tm.jpg
1,1_P0024,IMG_6196.MOV,t0,6.0,C:\Users\sdris\Documents\git\waterpolo-xg\app\reports\frames\1-1-p0024-q3-n12-skip_t0.jpg
1,1_P0024,IMG_6196.MOV,tp,8.0,C:\Users\sdris\Documents\git\waterpolo-xg\app\reports\frames\1-1-p0024-q3-n12-skip_tp.jpg
1,1_P0025,IMG_6197.MOV,tm,25.0,C:\Users\sdris\Documents\git\waterpolo-xg\app\reports\frames\1-1-p0025-q3-n3-skip_tm.jpg
1,1_P0025,IMG_6197.MOV,t0,27.0,C:\Users\sdris\Documents\git\waterpolo-xg\app\reports\frames\1-1-p0025-q3-n3-skip_t0.jpg
1,1_P0025,IMG_6197.MOV,tp,29.0,C:\Users\sdris\Documents\git\waterpolo-xg\app\reports\frames\1-1-p0025-q3-n3-skip_tp.jpg
1,1_P0026,IMG_6200.MOV,tm,3.0,C:\Users\sdris\Documents\git\waterpolo-xg\app\reports\frames\1-1-p0026-q4-n3-lob_tm.jpg
1,1_P0026,IMG_6200.MOV,t0,5.0,C:\Users\sdris\Documents\git\waterpolo-xg\app\reports\frames\1-1-p0026-q4-n3-lob_t0.jpg
1,1_P0026,IMG_6200.MOV,tp,7.0,C:\Users\sdris\Documents\git\waterpolo-xg\app\reports\frames\1-1-p0026-q4-n3-lob_tp.jpg
1,1_P0027,IMG_6202.MOV,tm,13.0,C:\Users\sdris\Documents\git\waterpolo-xg\app\reports\frames\1-1-p0027-q4-n3-standard_tm.jpg
1,1_P0027,IMG_6202.MOV,t0,15.0,C:\Users\sdris\Documents\git\waterpolo-xg\app\reports\frames\1-1-p0027-q4-n3-standard_t0.jpg
1,1_P0027,IMG_6202.MOV,tp,17.0,C:\Users\sdris\Documents\git\waterpolo-xg\app\reports\frames\1-1-p0027-q4-n3-standard_tp.jpg
1,1_P0028,IMG_6204.MOV,tm,21.0,C:\Users\sdris\Documents\git\waterpolo-xg\app\reports\frames\1-1-p0028-q4-n6-skip_tm.jpg
1,1_P0028,IMG_6204.MOV,t0,23.0,C:\Users\sdris\Documents\git\waterpolo-xg\app\reports\frames\1-1-p0028-q4-n6-skip_t0.jpg
1,1_P0028,IMG_6204.MOV,tp,25.0,C:\Users\sdris\Documents\git\waterpolo-xg\app\reports\frames\1-1-p0028-q4-n6-skip_tp.jpg
1,1_P0029,IMG_6207.MOV,tm,8.0,C:\Users\sdris\Documents\git\waterpolo-xg\app\reports\frames\1-1-p0029-q4-n4-standard_tm.jpg
1,1_P0029,IMG_6207.MOV,t0,10.0,C:\Users\sdris\Documents\git\waterpolo-xg\app\reports\frames\1-1-p0029-q4-n4-standard_t0.jpg
1,1_P0029,IMG_6207.MOV,tp,12.0,C:\Users\sdris\Documents\git\waterpolo-xg\app\reports\frames\1-1-p0029-q4-n4-standard_tp.jpg
2,2_P0001,IMG_6117.MOV,tm,5.0,C:\Users\sdris\Documents\git\waterpolo-xg\app\reports\frames\2-2-p0001-q1-n7-standard_tm.jpg
2,2_P0001,IMG_6117.MOV,t0,7.0,C:\Users\sdris\Documents\git\waterpolo-xg\app\reports\frames\2-2-p0001-q1-n7-standard_t0.jpg
2,2_P0001,IMG_6117.MOV,tp,9.0,C:\Users\sdris\Documents\git\waterpolo-xg\app\reports\frames\2-2-p0001-q1-n7-standard_tp.jpg
2,2_P0002,IMG_6115.MOV,tm,4.0,C:\Users\sdris\Documents\git\waterpolo-xg\app\reports\frames\2-2-p0002-q1-n3-lob_tm.jpg
2,2_P0002,IMG_6115.MOV,t0,6.0,C:\Users\sdris\Documents\git\waterpolo-xg\app\reports\frames\2-2-p0002-q1-n3-lob_t0.jpg
2,2_P0002,IMG_6115.MOV,tp,8.0,C:\Users\sdris\Documents\git\waterpolo-xg\app\reports\frames\2-2-p0002-q1-n3-lob_tp.jpg
2,2_P0003,IMG_6119.MOV,tm,6.0,C:\Users\sdris\Documents\git\waterpolo-xg\app\reports\frames\2-2-p0003-q1-n3-skip_tm.jpg
2,2_P0003,IMG_6119.MOV,t0,8.0,C:\Users\sdris\Documents\git\waterpolo-xg\app\reports\frames\2-2-p0003-q1-n3-skip_t0.jpg
2,2_P0003,IMG_6119.MOV,tp,10.0,C:\Users\sdris\Documents\git\waterpolo-xg\app\reports\frames\2-2-p0003-q1-n3-skip_tp.jpg
2,2_P0004,IMG_6123.MOV,tm,3.0,C:\Users\sdris\Documents\git\waterpolo-xg\app\reports\frames\2-2-p0004-q1-n4-lob_tm.jpg
2,2_P0004,IMG_6123.MOV,t0,5.0,C:\Users\sdris\Documents\git\waterpolo-xg\app\reports\frames\2-2-p0004-q1-n4-lob_t0.jpg
2,2_P0004,IMG_6123.MOV,tp,7.0,C:\Users\sdris\Documents\git\waterpolo-xg\app\reports\frames\2-2-p0004-q1-n4-lob_tp.jpg
2,2_P0005,IMG_6125.MOV,tm,41.0,C:\Users\sdris\Documents\git\waterpolo-xg\app\reports\frames\2-2-p0005-q1-n4-standard_tm.jpg
2,2_P0005,IMG_6125.MOV,t0,43.0,C:\Users\sdris\Documents\git\waterpolo-xg\app\reports\frames\2-2-p0005-q1-n4-standard_t0.jpg
2,2_P0005,IMG_6125.MOV,tp,45.0,C:\Users\sdris\Documents\git\waterpolo-xg\app\reports\frames\2-2-p0005-q1-n4-standard_tp.jpg
2,2_P0006,IMG_6127.MOV,tm,4.0,C:\Users\sdris\Documents\git\waterpolo-xg\app\reports\frames\2-2-p0006-q1-n7-lob_tm.jpg
2,2_P0006,IMG_6127.MOV,t0,6.0,C:\Users\sdris\Documents\git\waterpolo-xg\app\reports\frames\2-2-p0006-q1-n7-lob_t0.jpg
2,2_P0006,IMG_6127.MOV,tp,8.0,C:\Users\sdris\Documents\git\waterpolo-xg\app\reports\frames\2-2-p0006-q1-n7-lob_tp.jpg
2,2_P0007,IMG_6128.MOV,tm,20.0,C:\Users\sdris\Documents\git\waterpolo-xg\app\reports\frames\2-2-p0007-q2-n6-skip_tm.jpg
2,2_P0007,IMG_6128.MOV,t0,22.0,C:\Users\sdris\Documents\git\waterpolo-xg\app\reports\frames\2-2-p0007-q2-n6-skip_t0.jpg
2,2_P0007,IMG_6128.MOV,tp,24.0,C:\Users\sdris\Documents\git\waterpolo-xg\app\reports\frames\2-2-p0007-q2-n6-skip_tp.jpg
2,2_P0008,IMG_6128.MOV,tm,9.0,C:\Users\sdris\Documents\git\waterpolo-xg\app\reports\frames\2-2-p0008-q2-nnan-nan_tm.jpg
2,2_P0008,IMG_6128.MOV,t0,11.0,C:\Users\sdris\Documents\git\waterpolo-xg\app\reports\frames\2-2-p0008-q2-nnan-nan_t0.jpg
2,2_P0008,IMG_6128.MOV,tp,13.0,C:\Users\sdris\Documents\git\waterpolo-xg\app\reports\frames\2-2-p0008-q2-nnan-nan_tp.jpg
2,2_P0009,IMG_6130.MOV,tm,33.0,C:\Users\sdris\Documents\git\waterpolo-xg\app\reports\frames\2-2-p0009-q2-n6-lob_tm.jpg
2,2_P0009,IMG_6130.MOV,t0,35.0,C:\Users\sdris\Documents\git\waterpolo-xg\app\reports\frames\2-2-p0009-q2-n6-lob_t0.jpg
2,2_P0009,IMG_6130.MOV,tp,37.0,C:\Users\sdris\Documents\git\waterpolo-xg\app\reports\frames\2-2-p0009-q2-n6-lob_tp.jpg
2,2_P0010,IMG_6132.MOV,tm,3.0,C:\Users\sdris\Documents\git\waterpolo-xg\app\reports\frames\2-2-p0010-q2-n3-lob_tm.jpg
2,2_P0010,IMG_6132.MOV,t0,5.0,C:\Users\sdris\Documents\git\waterpolo-xg\app\reports\frames\2-2-p0010-q2-n3-lob_t0.jpg
2,2_P0010,IMG_6132.MOV,tp,7.0,C:\Users\sdris\Documents\git\waterpolo-xg\app\reports\frames\2-2-p0010-q2-n3-lob_tp.jpg
2,2_P0011,IMG_6134.MOV,tm,4.0,C:\Users\sdris\Documents\git\waterpolo-xg\app\reports\frames\2-2-p0011-q2-nnan-nan_tm.jpg
2,2_P0011,IMG_6134.MOV,t0,6.0,C:\Users\sdris\Documents\git\waterpolo-xg\app\reports\frames\2-2-p0011-q2-nnan-nan_t0.jpg
2,2_P0011,IMG_6134.MOV,tp,8.0,C:\Users\sdris\Documents\git\waterpolo-xg\app\reports\frames\2-2-p0011-q2-nnan-nan_tp.jpg
2,2_P0012,IMG_6136.MOV,tm,9.0,C:\Users\sdris\Documents\git\waterpolo-xg\app\reports\frames\2-2-p0012-q2-n7-standard_tm.jpg
2,2_P0012,IMG_6136.MOV,t0,11.0,C:\Users\sdris\Documents\git\waterpolo-xg\app\reports\frames\2-2-p0012-q2-n7-standard_t0.jpg
2,2_P0012,IMG_6136.MOV,tp,13.0,C:\Users\sdris\Documents\git\waterpolo-xg\app\reports\frames\2-2-p0012-q2-n7-standard_tp.jpg
2,2_P0013,IMG_6137.MOV,tm,29.0,C:\Users\sdris\Documents\git\waterpolo-xg\app\reports\frames\2-2-p0013-q3-n7-standard_tm.jpg
2,2_P0013,IMG_6137.MOV,t0,31.0,C:\Users\sdris\Documents\git\waterpolo-xg\app\reports\frames\2-2-p0013-q3-n7-standard_t0.jpg
2,2_P0013,IMG_6137.MOV,tp,33.0,C:\Users\sdris\Documents\git\waterpolo-xg\app\reports\frames\2-2-p0013-q3-n7-standard_tp.jpg
2,2_P0014,IMG_6139.MOV,tm,19.0,C:\Users\sdris\Documents\git\waterpolo-xg\app\reports\frames\2-2-p0014-q3-n5-standard_tm.jpg
2,2_P0014,IMG_6139.MOV,t0,21.0,C:\Users\sdris\Documents\git\waterpolo-xg\app\reports\frames\2-2-p0014-q3-n5-standard_t0.jpg
2,2_P0014,IMG_6139.MOV,tp,23.0,C:\Users\sdris\Documents\git\waterpolo-xg\app\reports\frames\2-2-p0014-q3-n5-standard_tp.jpg
2,2_P0015,IMG_6139.MOV,tm,35.0,C:\Users\sdris\Documents\git\waterpolo-xg\app\reports\frames\2-2-p0015-q3-nnan-nan_tm.jpg
2,2_P0015,IMG_6139.MOV,t0,37.0,C:\Users\sdris\Documents\git\waterpolo-xg\app\reports\frames\2-2-p0015-q3-nnan-nan_t0.jpg
2,2_P0015,IMG_6139.MOV,tp,39.0,C:\Users\sdris\Documents\git\waterpolo-xg\app\reports\frames\2-2-p0015-q3-nnan-nan_tp.jpg
2,2_P0016,IMG_6140.MOV,tm,10.0,C:\Users\sdris\Documents\git\waterpolo-xg\app\reports\frames\2-2-p0016-q3-nnan-nan_tm.jpg
2,2_P0016,IMG_6140.MOV,t0,12.0,C:\Users\sdris\Documents\git\waterpolo-xg\app\reports\frames\2-2-p0016-q3-nnan-nan_t0.jpg
2,2_P0016,IMG_6140.MOV,tp,14.0,C:\Users\sdris\Documents\git\waterpolo-xg\app\reports\frames\2-2-p0016-q3-nnan-nan_tp.jpg
2,2_P0017,IMG_6141.MOV,tm,18.0,C:\Users\sdris\Documents\git\waterpolo-xg\app\reports\frames\2-2-p0017-q3-n4-standard_tm.jpg
2,2_P0017,IMG_6141.MOV,t0,20.0,C:\Users\sdris\Documents\git\waterpolo-xg\app\reports\frames\2-2-p0017-q3-n4-standard_t0.jpg
2,2_P0017,IMG_6141.MOV,tp,22.0,C:\Users\sdris\Documents\git\waterpolo-xg\app\reports\frames\2-2-p0017-q3-n4-standard_tp.jpg
2,2_P0018,IMG_6142.MOV,tm,29.0,C:\Users\sdris\Documents\git\waterpolo-xg\app\reports\frames\2-2-p0018-q3-n7-standard_tm.jpg
2,2_P0018,IMG_6142.MOV,t0,31.0,C:\Users\sdris\Documents\git\waterpolo-xg\app\reports\frames\2-2-p0018-q3-n7-standard_t0.jpg
2,2_P0018,IMG_6142.MOV,tp,33.0,C:\Users\sdris\Documents\git\waterpolo-xg\app\reports\frames\2-2-p0018-q3-n7-standard_tp.jpg
2,2_P0019,IMG_6143.MOV,tm,12.0,C:\Users\sdris\Documents\git\waterpolo-xg\app\reports\frames\2-2-p0019-q4-n12-lob_tm.jpg
2,2_P0019,IMG_6143.MOV,t0,14.0,C:\Users\sdris\Documents\git\waterpolo-xg\app\reports\frames\2-2-p0019-q4-n12-lob_t0.jpg
2,2_P0019,IMG_6143.MOV,tp,16.0,C:\Users\sdris\Documents\git\waterpolo-xg\app\reports\frames\2-2-p0019-q4-n12-lob_tp.jpg
2,2_P0020,IMG_6144.MOV,tm,30.0,C:\Users\sdris\Documents\git\waterpolo-xg\app\reports\frames\2-2-p0020-q4-n3-standard_tm.jpg
2,2_P0020,IMG_6144.MOV,t0,32.0,C:\Users\sdris\Documents\git\waterpolo-xg\app\reports\frames\2-2-p0020-q4-n3-standard_t0.jpg
2,2_P0020,IMG_6144.MOV,tp,34.0,C:\Users\sdris\Documents\git\waterpolo-xg\app\reports\frames\2-2-p0020-q4-n3-standard_tp.jpg
2,2_P0021,IMG_6145.MOV,tm,7.0,C:\Users\sdris\Documents\git\waterpolo-xg\app\reports\frames\2-2-p0021-q4-nnan-nan_tm.jpg
2,2_P0021,IMG_6145.MOV,t0,9.0,C:\Users\sdris\Documents\git\waterpolo-xg\app\reports\frames\2-2-p0021-q4-nnan-nan_t0.jpg
2,2_P0021,IMG_6145.MOV,tp,11.0,C:\Users\sdris\Documents\git\waterpolo-xg\app\reports\frames\2-2-p0021-q4-nnan-nan_tp.jpg
2,2_P0022,IMG_6146.MOV,tm,33.0,C:\Users\sdris\Documents\git\waterpolo-xg\app\reports\frames\2-2-p0022-q4-n5-standard_tm.jpg
2,2_P0022,IMG_6146.MOV,t0,35.0,C:\Users\sdris\Documents\git\waterpolo-xg\app\reports\frames\2-2-p0022-q4-n5-standard_t0.jpg
2,2_P0022,IMG_6146.MOV,tp,37.0,C:\Users\sdris\Documents\git\waterpolo-xg\app\reports\frames\2-2-p0022-q4-n5-standard_tp.jpg
2,2_P0023,IMG_6149.MOV,tm,9.0,C:\Users\sdris\Documents\git\waterpolo-xg\app\reports\frames\2-2-p0023-q4-nnan-nan_tm.jpg
2,2_P0023,IMG_6149.MOV,t0,11.0,C:\Users\sdris\Documents\git\waterpolo-xg\app\reports\frames\2-2-p0023-q4-nnan-nan_t0.jpg
2,2_P0023,IMG_6149.MOV,tp,13.0,C:\Users\sdris\Documents\git\waterpolo-xg\app\reports\frames\2-2-p0023-q4-nnan-nan_tp.jpg
3,3_P0001,IMG_0157.MOV,tm,25.0,C:\Users\sdris\Documents\git\waterpolo-xg\app\reports\frames\3-3-p0001-q1-n4-standard_tm.jpg
3,3_P0001,IMG_0157.MOV,t0,27.0,C:\Users\sdris\Documents\git\waterpolo-xg\app\reports\frames\3-3-p0001-q1-n4-standard_t0.jpg
3,3_P0001,IMG_0157.MOV,tp,29.0,C:\Users\sdris\Documents\git\waterpolo-xg\app\reports\frames\3-3-p0001-q1-n4-standard_tp.jpg
3,3_P0002,IMG_0159.MOV,tm,0.0,C:\Users\sdris\Documents\git\waterpolo-xg\app\reports\frames\3-3-p0002-q1-n6-standard_tm.jpg
3,3_P0002,IMG_0159.MOV,t0,2.0,C:\Users\sdris\Documents\git\waterpolo-xg\app\reports\frames\3-3-p0002-q1-n6-standard_t0.jpg
3,3_P0002,IMG_0159.MOV,tp,4.0,C:\Users\sdris\Documents\git\waterpolo-xg\app\reports\frames\3-3-p0002-q1-n6-standard_tp.jpg
3,3_P0003,IMG_0163.MOV,tm,1.0,C:\Users\sdris\Documents\git\waterpolo-xg\app\reports\frames\3-3-p0003-q1-nnan-nan_tm.jpg
3,3_P0003,IMG_0163.MOV,t0,3.0,C:\Users\sdris\Documents\git\waterpolo-xg\app\reports\frames\3-3-p0003-q1-nnan-nan_t0.jpg
3,3_P0003,IMG_0163.MOV,tp,5.0,C:\Users\sdris\Documents\git\waterpolo-xg\app\reports\frames\3-3-p0003-q1-nnan-nan_tp.jpg
3,3_P0004,IMG_0165.MOV,tm,19.0,C:\Users\sdris\Documents\git\waterpolo-xg\app\reports\frames\3-3-p0004-q1-n4-standard_tm.jpg
3,3_P0004,IMG_0165.MOV,t0,21.0,C:\Users\sdris\Documents\git\waterpolo-xg\app\reports\frames\3-3-p0004-q1-n4-standard_t0.jpg
3,3_P0004,IMG_0165.MOV,tp,23.0,C:\Users\sdris\Documents\git\waterpolo-xg\app\reports\frames\3-3-p0004-q1-n4-standard_tp.jpg
3,3_P0005,IMG_0168.MOV,tm,15.0,C:\Users\sdris\Documents\git\waterpolo-xg\app\reports\frames\3-3-p0005-q1-n2-standard_tm.jpg
3,3_P0005,IMG_0168.MOV,t0,17.0,C:\Users\sdris\Documents\git\waterpolo-xg\app\reports\frames\3-3-p0005-q1-n2-standard_t0.jpg
3,3_P0005,IMG_0168.MOV,tp,19.0,C:\Users\sdris\Documents\git\waterpolo-xg\app\reports\frames\3-3-p0005-q1-n2-standard_tp.jpg
3,3_P0006,IMG_0172.MOV,tm,13.0,C:\Users\sdris\Documents\git\waterpolo-xg\app\reports\frames\3-3-p0006-q2-n5-tip-deflection_tm.jpg
3,3_P0006,IMG_0172.MOV,t0,15.0,C:\Users\sdris\Documents\git\waterpolo-xg\app\reports\frames\3-3-p0006-q2-n5-tip-deflection_t0.jpg
3,3_P0006,IMG_0172.MOV,tp,17.0,C:\Users\sdris\Documents\git\waterpolo-xg\app\reports\frames\3-3-p0006-q2-n5-tip-deflection_tp.jpg
3,3_P0007,IMG_0176.MOV,tm,6.0,C:\Users\sdris\Documents\git\waterpolo-xg\app\reports\frames\3-3-p0007-q2-n6-standard_tm.jpg
3,3_P0007,IMG_0176.MOV,t0,8.0,C:\Users\sdris\Documents\git\waterpolo-xg\app\reports\frames\3-3-p0007-q2-n6-standard_t0.jpg
3,3_P0007,IMG_0176.MOV,tp,10.0,C:\Users\sdris\Documents\git\waterpolo-xg\app\reports\frames\3-3-p0007-q2-n6-standard_tp.jpg
3,3_P0008,IMG_0177.MOV,tm,2.0,C:\Users\sdris\Documents\git\waterpolo-xg\app\reports\frames\3-3-p0008-q2-n6-standard_tm.jpg
3,3_P0008,IMG_0177.MOV,t0,4.0,C:\Users\sdris\Documents\git\waterpolo-xg\app\reports\frames\3-3-p0008-q2-n6-standard_t0.jpg
3,3_P0008,IMG_0177.MOV,tp,6.0,C:\Users\sdris\Documents\git\waterpolo-xg\app\reports\frames\3-3-p0008-q2-n6-standard_tp.jpg
3,3_P0009,IMG_0179.MOV,tm,30.0,C:\Users\sdris\Documents\git\waterpolo-xg\app\reports\frames\3-3-p0009-q2-n2-skip_tm.jpg
3,3_P0009,IMG_0179.MOV,t0,32.0,C:\Users\sdris\Documents\git\waterpolo-xg\app\reports\frames\3-3-p0009-q2-n2-skip_t0.jpg
3,3_P0009,IMG_0179.MOV,tp,34.0,C:\Users\sdris\Documents\git\waterpolo-xg\app\reports\frames\3-3-p0009-q2-n2-skip_tp.jpg
3,3_P0010,IMG_0181.MOV,tm,29.0,C:\Users\sdris\Documents\git\waterpolo-xg\app\reports\frames\3-3-p0010-q3-n7-standard_tm.jpg
3,3_P0010,IMG_0181.MOV,t0,31.0,C:\Users\sdris\Documents\git\waterpolo-xg\app\reports\frames\3-3-p0010-q3-n7-standard_t0.jpg
3,3_P0010,IMG_0181.MOV,tp,33.0,C:\Users\sdris\Documents\git\waterpolo-xg\app\reports\frames\3-3-p0010-q3-n7-standard_tp.jpg
3,3_P0011,IMG_0183.MOV,tm,28.0,C:\Users\sdris\Documents\git\waterpolo-xg\app\reports\frames\3-3-p0011-q3-n10-standard_tm.jpg
3,3_P0011,IMG_0183.MOV,t0,30.0,C:\Users\sdris\Documents\git\waterpolo-xg\app\reports\frames\3-3-p0011-q3-n10-standard_t0.jpg
3,3_P0011,IMG_0183.MOV,tp,32.0,C:\Users\sdris\Documents\git\waterpolo-xg\app\reports\frames\3-3-p0011-q3-n10-standard_tp.jpg
3,3_P0012,IMG_0185.MOV,tm,21.0,C:\Users\sdris\Documents\git\waterpolo-xg\app\reports\frames\3-3-p0012-q3-nnan-nan_tm.jpg
3,3_P0012,IMG_0185.MOV,t0,23.0,C:\Users\sdris\Documents\git\waterpolo-xg\app\reports\frames\3-3-p0012-q3-nnan-nan_t0.jpg
3,3_P0012,IMG_0185.MOV,tp,25.0,C:\Users\sdris\Documents\git\waterpolo-xg\app\reports\frames\3-3-p0012-q3-nnan-nan_tp.jpg
3,3_P0013,IMG_0185.MOV,tm,41.0,C:\Users\sdris\Documents\git\waterpolo-xg\app\reports\frames\3-3-p0013-q3-nnan-nan_tm.jpg
3,3_P0013,IMG_0185.MOV,t0,43.0,C:\Users\sdris\Documents\git\waterpolo-xg\app\reports\frames\3-3-p0013-q3-nnan-nan_t0.jpg
3,3_P0013,IMG_0185.MOV,tp,45.0,C:\Users\sdris\Documents\git\waterpolo-xg\app\reports\frames\3-3-p0013-q3-nnan-nan_tp.jpg
3,3_P0014,IMG_0185.MOV,tm,46.0,C:\Users\sdris\Documents\git\waterpolo-xg\app\reports\frames\3-3-p0014-q3-n4-standard_tm.jpg
3,3_P0014,IMG_0185.MOV,t0,48.0,C:\Users\sdris\Documents\git\waterpolo-xg\app\reports\frames\3-3-p0014-q3-n4-standard_t0.jpg
3,3_P0014,IMG_0185.MOV,tp,50.0,C:\Users\sdris\Documents\git\waterpolo-xg\app\reports\frames\3-3-p0014-q3-n4-standard_tp.jpg
3,3_P0015,IMG_0187.MOV,tm,9.0,C:\Users\sdris\Documents\git\waterpolo-xg\app\reports\frames\3-3-p0015-q3-n7-standard_tm.jpg
3,3_P0015,IMG_0187.MOV,t0,11.0,C:\Users\sdris\Documents\git\waterpolo-xg\app\reports\frames\3-3-p0015-q3-n7-standard_t0.jpg
3,3_P0015,IMG_0187.MOV,tp,13.0,C:\Users\sdris\Documents\git\waterpolo-xg\app\reports\frames\3-3-p0015-q3-n7-standard_tp.jpg
3,3_P0016,IMG_0189.MOV,tm,18.0,C:\Users\sdris\Documents\git\waterpolo-xg\app\reports\frames\3-3-p0016-q3-n7-skip_tm.jpg
3,3_P0016,IMG_0189.MOV,t0,20.0,C:\Users\sdris\Documents\git\waterpolo-xg\app\reports\frames\3-3-p0016-q3-n7-skip_t0.jpg
3,3_P0016,IMG_0189.MOV,tp,22.0,C:\Users\sdris\Documents\git\waterpolo-xg\app\reports\frames\3-3-p0016-q3-n7-skip_tp.jpg
3,3_P0017,IMG_0196.MOV,tm,16.0,C:\Users\sdris\Documents\git\waterpolo-xg\app\reports\frames\3-3-p0017-q4-n4-tip-deflection_tm.jpg
3,3_P0017,IMG_0196.MOV,t0,18.0,C:\Users\sdris\Documents\git\waterpolo-xg\app\reports\frames\3-3-p0017-q4-n4-tip-deflection_t0.jpg
3,3_P0017,IMG_0196.MOV,tp,20.0,C:\Users\sdris\Documents\git\waterpolo-xg\app\reports\frames\3-3-p0017-q4-n4-tip-deflection_tp.jpg
3,3_P0018,IMG_0200.MOV,tm,17.0,C:\Users\sdris\Documents\git\waterpolo-xg\app\reports\frames\3-3-p0018-q4-n2-tip-deflection_tm.jpg
3,3_P0018,IMG_0200.MOV,t0,19.0,C:\Users\sdris\Documents\git\waterpolo-xg\app\reports\frames\3-3-p0018-q4-n2-tip-deflection_t0.jpg
3,3_P0018,IMG_0200.MOV,tp,21.0,C:\Users\sdris\Documents\git\waterpolo-xg\app\reports\frames\3-3-p0018-q4-n2-tip-deflection_tp.jpg
3,3_P0019,IMG_0202.MOV,tm,9.0,C:\Users\sdris\Documents\git\waterpolo-xg\app\reports\frames\3-3-p0019-q4-nnan-nan_tm.jpg
3,3_P0019,IMG_0202.MOV,t0,11.0,C:\Users\sdris\Documents\git\waterpolo-xg\app\reports\frames\3-3-p0019-q4-nnan-nan_t0.jpg
3,3_P0019,IMG_0202.MOV,tp,13.0,C:\Users\sdris\Documents\git\waterpolo-xg\app\reports\frames\3-3-p0019-q4-nnan-nan_tp.jpg
3,3_P0020,IMG_0204.MOV,tm,8.0,C:\Users\sdris\Documents\git\waterpolo-xg\app\reports\frames\3-3-p0020-q4-n4-standard_tm.jpg
3,3_P0020,IMG_0204.MOV,t0,10.0,C:\Users\sdris\Documents\git\waterpolo-xg\app\reports\frames\3-3-p0020-q4-n4-standard_t0.jpg
3,3_P0020,IMG_0204.MOV,tp,12.0,C:\Users\sdris\Documents\git\waterpolo-xg\app\reports\frames\3-3-p0020-q4-n4-standard_tp.jpg
3,3_P0021,IMG_0205.MOV,tm,24.0,C:\Users\sdris\Documents\git\waterpolo-xg\app\reports\frames\3-3-p0021-q4-nnan-nan_tm.jpg
3,3_P0021,IMG_0205.MOV,t0,26.0,C:\Users\sdris\Documents\git\waterpolo-xg\app\reports\frames\3-3-p0021-q4-nnan-nan_t0.jpg
3,3_P0021,IMG_0205.MOV,tp,28.0,C:\Users\sdris\Documents\git\waterpolo-xg\app\reports\frames\3-3-p0021-q4-nnan-nan_tp.jpg
3,3_P0022,IMG_0207.MOV,tm,26.0,C:\Users\sdris\Documents\git\waterpolo-xg\app\reports\frames\3-3-p0022-q4-nnan-nan_tm.jpg
3,3_P0022,IMG_0207.MOV,t0,28.0,C:\Users\sdris\Documents\git\waterpolo-xg\app\reports\frames\3-3-p0022-q4-nnan-nan_t0.jpg
3,3_P0022,IMG_0207.MOV,tp,30.0,C:\Users\sdris\Documents\git\waterpolo-xg\app\reports\frames\3-3-p0022-q4-nnan-nan_tp.jpg
3,3_P0023,IMG_0209.MOV,tm,14.0,C:\Users\sdris\Documents\git\waterpolo-xg\app\reports\frames\3-3-p0023-q4-nnan-nan_tm.jpg
3,3_P0023,IMG_0209.MOV,t0,16.0,C:\Users\sdris\Documents\git\waterpolo-xg\app\reports\frames\3-3-p0023-q4-nnan-nan_t0.jpg
3,3_P0023,IMG_0209.MOV,tp,18.0,C:\Users\sdris\Documents\git\waterpolo-xg\app\reports\frames\3-3-p0023-q4-nnan-nan_tp.jpg
4,4_P0001,IMG_2598.MOV,tm,19.0,C:\Users\sdris\Documents\git\waterpolo-xg\app\reports\frames\4-4-p0001-q1-n2-skip_tm.jpg
4,4_P0001,IMG_2598.MOV,t0,21.0,C:\Users\sdris\Documents\git\waterpolo-xg\app\reports\frames\4-4-p0001-q1-n2-skip_t0.jpg
4,4_P0001,IMG_2598.MOV,tp,23.0,C:\Users\sdris\Documents\git\waterpolo-xg\app\reports\frames\4-4-p0001-q1-n2-skip_tp.jpg
4,4_P0002,IMG_2600.MOV,tm,14.0,C:\Users\sdris\Documents\git\waterpolo-xg\app\reports\frames\4-4-p0002-q1-n10-skip_tm.jpg
4,4_P0002,IMG_2600.MOV,t0,16.0,C:\Users\sdris\Documents\git\waterpolo-xg\app\reports\frames\4-4-p0002-q1-n10-skip_t0.jpg
4,4_P0002,IMG_2600.MOV,tp,18.0,C:\Users\sdris\Documents\git\waterpolo-xg\app\reports\frames\4-4-p0002-q1-n10-skip_tp.jpg
4,4_P0003,IMG_2602.MOV,tm,23.0,C:\Users\sdris\Documents\git\waterpolo-xg\app\reports\frames\4-4-p0003-q1-nnan-nan_tm.jpg
4,4_P0003,IMG_2602.MOV,t0,25.0,C:\Users\sdris\Documents\git\waterpolo-xg\app\reports\frames\4-4-p0003-q1-nnan-nan_t0.jpg
4,4_P0003,IMG_2602.MOV,tp,27.0,C:\Users\sdris\Documents\git\waterpolo-xg\app\reports\frames\4-4-p0003-q1-nnan-nan_tp.jpg
4,4_P0004,IMG_2604.MOV,tm,32.0,C:\Users\sdris\Documents\git\waterpolo-xg\app\reports\frames\4-4-p0004-q1-n2-skip_tm.jpg
4,4_P0004,IMG_2604.MOV,t0,34.0,C:\Users\sdris\Documents\git\waterpolo-xg\app\reports\frames\4-4-p0004-q1-n2-skip_t0.jpg
4,4_P0004,IMG_2604.MOV,tp,36.0,C:\Users\sdris\Documents\git\waterpolo-xg\app\reports\frames\4-4-p0004-q1-n2-skip_tp.jpg
4,4_P0005,IMG_2606.MOV,tm,19.0,C:\Users\sdris\Documents\git\waterpolo-xg\app\reports\frames\4-4-p0005-q1-n2-skip_tm.jpg
4,4_P0005,IMG_2606.MOV,t0,21.0,C:\Users\sdris\Documents\git\waterpolo-xg\app\reports\frames\4-4-p0005-q1-n2-skip_t0.jpg
4,4_P0005,IMG_2606.MOV,tp,23.0,C:\Users\sdris\Documents\git\waterpolo-xg\app\reports\frames\4-4-p0005-q1-n2-skip_tp.jpg
4,4_P0006,IMG_2608.MOV,tm,29.0,C:\Users\sdris\Documents\git\waterpolo-xg\app\reports\frames\4-4-p0006-q1-n3-standard_tm.jpg
4,4_P0006,IMG_2608.MOV,t0,31.0,C:\Users\sdris\Documents\git\waterpolo-xg\app\reports\frames\4-4-p0006-q1-n3-standard_t0.jpg
4,4_P0006,IMG_2608.MOV,tp,33.0,C:\Users\sdris\Documents\git\waterpolo-xg\app\reports\frames\4-4-p0006-q1-n3-standard_tp.jpg
4,4_P0007,IMG_2610.MOV,tm,33.0,C:\Users\sdris\Documents\git\waterpolo-xg\app\reports\frames\4-4-p0007-q2-nnan-nan_tm.jpg
4,4_P0007,IMG_2610.MOV,t0,35.0,C:\Users\sdris\Documents\git\waterpolo-xg\app\reports\frames\4-4-p0007-q2-nnan-nan_t0.jpg
4,4_P0007,IMG_2610.MOV,tp,37.0,C:\Users\sdris\Documents\git\waterpolo-xg\app\reports\frames\4-4-p0007-q2-nnan-nan_tp.jpg
4,4_P0008,IMG_2612.MOV,tm,14.0,C:\Users\sdris\Documents\git\waterpolo-xg\app\reports\frames\4-4-p0008-q2-n10-standard_tm.jpg
4,4_P0008,IMG_2612.MOV,t0,16.0,C:\Users\sdris\Documents\git\waterpolo-xg\app\reports\frames\4-4-p0008-q2-n10-standard_t0.jpg
4,4_P0008,IMG_2612.MOV,tp,18.0,C:\Users\sdris\Documents\git\waterpolo-xg\app\reports\frames\4-4-p0008-q2-n10-standard_tp.jpg
4,4_P0009,IMG_2613.MOV,tm,13.0,C:\Users\sdris\Documents\git\waterpolo-xg\app\reports\frames\4-4-p0009-q2-n10-standard_tm.jpg
4,4_P0009,IMG_2613.MOV,t0,15.0,C:\Users\sdris\Documents\git\waterpolo-xg\app\reports\frames\4-4-p0009-q2-n10-standard_t0.jpg
4,4_P0009,IMG_2613.MOV,tp,17.0,C:\Users\sdris\Documents\git\waterpolo-xg\app\reports\frames\4-4-p0009-q2-n10-standard_tp.jpg
4,4_P0010,IMG_2615.MOV,tm,21.0,C:\Users\sdris\Documents\git\waterpolo-xg\app\reports\frames\4-4-p0010-q2-nnan-nan_tm.jpg
4,4_P0010,IMG_2615.MOV,t0,23.0,C:\Users\sdris\Documents\git\waterpolo-xg\app\reports\frames\4-4-p0010-q2-nnan-nan_t0.jpg
4,4_P0010,IMG_2615.MOV,tp,25.0,C:\Users\sdris\Documents\git\waterpolo-xg\app\reports\frames\4-4-p0010-q2-nnan-nan_tp.jpg
4,4_P0011,IMG_2617.MOV,tm,26.0,C:\Users\sdris\Documents\git\waterpolo-xg\app\reports\frames\4-4-p0011-q2-nnan-nan_tm.jpg
4,4_P0011,IMG_2617.MOV,t0,28.0,C:\Users\sdris\Documents\git\waterpolo-xg\app\reports\frames\4-4-p0011-q2-nnan-nan_t0.jpg
4,4_P0011,IMG_2617.MOV,tp,30.0,C:\Users\sdris\Documents\git\waterpolo-xg\app\reports\frames\4-4-p0011-q2-nnan-nan_tp.jpg
4,4_P0012,IMG_2618.MOV,tm,17.0,C:\Users\sdris\Documents\git\waterpolo-xg\app\reports\frames\4-4-p0012-q2-n2-skip_tm.jpg
4,4_P0012,IMG_2618.MOV,t0,19.0,C:\Users\sdris\Documents\git\waterpolo-xg\app\reports\frames\4-4-p0012-q2-n2-skip_t0.jpg
4,4_P0012,IMG_2618.MOV,tp,21.0,C:\Users\sdris\Documents\git\waterpolo-xg\app\reports\frames\4-4-p0012-q2-n2-skip_tp.jpg
4,4_P0013,IMG_2621.MOV,tm,14.0,C:\Users\sdris\Documents\git\waterpolo-xg\app\reports\frames\4-4-p0013-q3-nnan-nan_tm.jpg
4,4_P0013,IMG_2621.MOV,t0,16.0,C:\Users\sdris\Documents\git\waterpolo-xg\app\reports\frames\4-4-p0013-q3-nnan-nan_t0.jpg
4,4_P0013,IMG_2621.MOV,tp,18.0,C:\Users\sdris\Documents\git\waterpolo-xg\app\reports\frames\4-4-p0013-q3-nnan-nan_tp.jpg
4,4_P0014,IMG_2622.MOV,tm,41.0,C:\Users\sdris\Documents\git\waterpolo-xg\app\reports\frames\4-4-p0014-q3-n9-standard_tm.jpg
4,4_P0014,IMG_2622.MOV,t0,43.0,C:\Users\sdris\Documents\git\waterpolo-xg\app\reports\frames\4-4-p0014-q3-n9-standard_t0.jpg
4,4_P0014,IMG_2622.MOV,tp,45.0,C:\Users\sdris\Documents\git\waterpolo-xg\app\reports\frames\4-4-p0014-q3-n9-standard_tp.jpg
4,4_P0015,IMG_2624.MOV,tm,26.0,C:\Users\sdris\Documents\git\waterpolo-xg\app\reports\frames\4-4-p0015-q3-n12-standard_tm.jpg
4,4_P0015,IMG_2624.MOV,t0,28.0,C:\Users\sdris\Documents\git\waterpolo-xg\app\reports\frames\4-4-p0015-q3-n12-standard_t0.jpg
4,4_P0015,IMG_2624.MOV,tp,30.0,C:\Users\sdris\Documents\git\waterpolo-xg\app\reports\frames\4-4-p0015-q3-n12-standard_tp.jpg
4,4_P0016,IMG_2625.MOV,tm,34.0,C:\Users\sdris\Documents\git\waterpolo-xg\app\reports\frames\4-4-p0016-q3-nnan-nan_tm.jpg
4,4_P0016,IMG_2625.MOV,t0,36.0,C:\Users\sdris\Documents\git\waterpolo-xg\app\reports\frames\4-4-p0016-q3-nnan-nan_t0.jpg
4,4_P0016,IMG_2625.MOV,tp,38.0,C:\Users\sdris\Documents\git\waterpolo-xg\app\reports\frames\4-4-p0016-q3-nnan-nan_tp.jpg
4,4_P0017,IMG_2626.MOV,tm,43.0,C:\Users\sdris\Documents\git\waterpolo-xg\app\reports\frames\4-4-p0017-q3-n3-lob_tm.jpg
4,4_P0017,IMG_2626.MOV,t0,45.0,C:\Users\sdris\Documents\git\waterpolo-xg\app\reports\frames\4-4-p0017-q3-n3-lob_t0.jpg
4,4_P0017,IMG_2626.MOV,tp,47.0,C:\Users\sdris\Documents\git\waterpolo-xg\app\reports\frames\4-4-p0017-q3-n3-lob_tp.jpg
4,4_P0018,IMG_2628.MOV,tm,12.0,C:\Users\sdris\Documents\git\waterpolo-xg\app\reports\frames\4-4-p0018-q3-n1-standard_tm.jpg
4,4_P0018,IMG_2628.MOV,t0,14.0,C:\Users\sdris\Documents\git\waterpolo-xg\app\reports\frames\4-4-p0018-q3-n1-standard_t0.jpg
4,4_P0018,IMG_2628.MOV,tp,16.0,C:\Users\sdris\Documents\git\waterpolo-xg\app\reports\frames\4-4-p0018-q3-n1-standard_tp.jpg
4,4_P0019,IMG_2631.MOV,tm,26.0,C:\Users\sdris\Documents\git\waterpolo-xg\app\reports\frames\4-4-p0019-q4-nnan-nan_tm.jpg
4,4_P0019,IMG_2631.MOV,t0,28.0,C:\Users\sdris\Documents\git\waterpolo-xg\app\reports\frames\4-4-p0019-q4-nnan-nan_t0.jpg
4,4_P0019,IMG_2631.MOV,tp,30.0,C:\Users\sdris\Documents\git\waterpolo-xg\app\reports\frames\4-4-p0019-q4-nnan-nan_tp.jpg
4,4_P0020,IMG_2633.MOV,tm,21.0,C:\Users\sdris\Documents\git\waterpolo-xg\app\reports\frames\4-4-p0020-q4-n9-standard_tm.jpg
4,4_P0020,IMG_2633.MOV,t0,23.0,C:\Users\sdris\Documents\git\waterpolo-xg\app\reports\frames\4-4-p0020-q4-n9-standard_t0.jpg
4,4_P0020,IMG_2633.MOV,tp,25.0,C:\Users\sdris\Documents\git\waterpolo-xg\app\reports\frames\4-4-p0020-q4-n9-standard_tp.jpg
4,4_P0021,IMG_2635.MOV,tm,17.0,C:\Users\sdris\Documents\git\waterpolo-xg\app\reports\frames\4-4-p0021-q4-n3-standard_tm.jpg
4,4_P0021,IMG_2635.MOV,t0,19.0,C:\Users\sdris\Documents\git\waterpolo-xg\app\reports\frames\4-4-p0021-q4-n3-standard_t0.jpg
4,4_P0021,IMG_2635.MOV,tp,21.0,C:\Users\sdris\Documents\git\waterpolo-xg\app\reports\frames\4-4-p0021-q4-n3-standard_tp.jpg
4,4_P0022,IMG_2636.MOV,tm,35.0,C:\Users\sdris\Documents\git\waterpolo-xg\app\reports\frames\4-4-p0022-q4-n5-standard_tm.jpg
4,4_P0022,IMG_2636.MOV,t0,37.0,C:\Users\sdris\Documents\git\waterpolo-xg\app\reports\frames\4-4-p0022-q4-n5-standard_t0.jpg
4,4_P0022,IMG_2636.MOV,tp,39.0,C:\Users\sdris\Documents\git\waterpolo-xg\app\reports\frames\4-4-p0022-q4-n5-standard_tp.jpg
4,4_P0023,IMG_2638.MOV,tm,29.0,C:\Users\sdris\Documents\git\waterpolo-xg\app\reports\frames\4-4-p0023-q4-n3-standard_tm.jpg
4,4_P0023,IMG_2638.MOV,t0,31.0,C:\Users\sdris\Documents\git\waterpolo-xg\app\reports\frames\4-4-p0023-q4-n3-standard_t0.jpg
4,4_P0023,IMG_2638.MOV,tp,33.0,C:\Users\sdris\Documents\git\waterpolo-xg\app\reports\frames\4-4-p0023-q4-n3-standard_tp.jpg
4,4_P0024,IMG_2638.MOV,tm,32.0,C:\Users\sdris\Documents\git\waterpolo-xg\app\reports\frames\4-4-p0024-q4-n12-standard_tm.jpg
4,4_P0024,IMG_2638.MOV,t0,34.0,C:\Users\sdris\Documents\git\waterpolo-xg\app\reports\frames\4-4-p0024-q4-n12-standard_t0.jpg
4,4_P0024,IMG_2638.MOV,tp,36.0,C:\Users\sdris\Documents\git\waterpolo-xg\app\reports\frames\4-4-p0024-q4-n12-standard_tp.jpg
4,4_P0025,IMG_2638.MOV,tm,33.0,C:\Users\sdris\Documents\git\waterpolo-xg\app\reports\frames\4-4-p0025-q4-n5-other_tm.jpg
4,4_P0025,IMG_2638.MOV,t0,35.0,C:\Users\sdris\Documents\git\waterpolo-xg\app\reports\frames\4-4-p0025-q4-n5-other_t0.jpg
4,4_P0025,IMG_2638.MOV,tp,37.0,C:\Users\sdris\Documents\git\waterpolo-xg\app\reports\frames\4-4-p0025-q4-n5-other_tp.jpg
5,5_P0001,IMG_2644.MOV,tm,16.0,C:\Users\sdris\Documents\git\waterpolo-xg\app\reports\frames\5-5-p0001-q1-nnan-nan_tm.jpg
5,5_P0001,IMG_2644.MOV,t0,18.0,C:\Users\sdris\Documents\git\waterpolo-xg\app\reports\frames\5-5-p0001-q1-nnan-nan_t0.jpg
5,5_P0001,IMG_2644.MOV,tp,20.0,C:\Users\sdris\Documents\git\waterpolo-xg\app\reports\frames\5-5-p0001-q1-nnan-nan_tp.jpg
5,5_P0002,IMG_2645.MOV,tm,29.0,C:\Users\sdris\Documents\git\waterpolo-xg\app\reports\frames\5-5-p0002-qnan-n15-standard_tm.jpg
5,5_P0002,IMG_2645.MOV,t0,31.0,C:\Users\sdris\Documents\git\waterpolo-xg\app\reports\frames\5-5-p0002-qnan-n15-standard_t0.jpg
5,5_P0002,IMG_2645.MOV,tp,33.0,C:\Users\sdris\Documents\git\waterpolo-xg\app\reports\frames\5-5-p0002-qnan-n15-standard_tp.jpg
5,5_P0003,IMG_2647.MOV,tm,13.0,C:\Users\sdris\Documents\git\waterpolo-xg\app\reports\frames\5-5-p0003-qnan-nnan-nan_tm.jpg
5,5_P0003,IMG_2647.MOV,t0,15.0,C:\Users\sdris\Documents\git\waterpolo-xg\app\reports\frames\5-5-p0003-qnan-nnan-nan_t0.jpg
5,5_P0003,IMG_2647.MOV,tp,17.0,C:\Users\sdris\Documents\git\waterpolo-xg\app\reports\frames\5-5-p0003-qnan-nnan-nan_tp.jpg
5,5_P0004,IMG_2648.MOV,tm,27.0,C:\Users\sdris\Documents\git\waterpolo-xg\app\reports\frames\5-5-p0004-qnan-nnan-nan_tm.jpg
5,5_P0004,IMG_2648.MOV,t0,29.0,C:\Users\sdris\Documents\git\waterpolo-xg\app\reports\frames\5-5-p0004-qnan-nnan-nan_t0.jpg
5,5_P0004,IMG_2648.MOV,tp,31.0,C:\Users\sdris\Documents\git\waterpolo-xg\app\reports\frames\5-5-p0004-qnan-nnan-nan_tp.jpg
5,5_P0005,IMG_2650.MOV,tm,23.0,C:\Users\sdris\Documents\git\waterpolo-xg\app\reports\frames\5-5-p0005-qnan-nnan-nan_tm.jpg
5,5_P0005,IMG_2650.MOV,t0,25.0,C:\Users\sdris\Documents\git\waterpolo-xg\app\reports\frames\5-5-p0005-qnan-nnan-nan_t0.jpg
5,5_P0005,IMG_2650.MOV,tp,27.0,C:\Users\sdris\Documents\git\waterpolo-xg\app\reports\frames\5-5-p0005-qnan-nnan-nan_tp.jpg
5,5_P0006,IMG_2652.MOV,tm,16.0,C:\Users\sdris\Documents\git\waterpolo-xg\app\reports\frames\5-5-p0006-qnan-nnan-nan_tm.jpg
5,5_P0006,IMG_2652.MOV,t0,18.0,C:\Users\sdris\Documents\git\waterpolo-xg\app\reports\frames\5-5-p0006-qnan-nnan-nan_t0.jpg
5,5_P0006,IMG_2652.MOV,tp,20.0,C:\Users\sdris\Documents\git\waterpolo-xg\app\reports\frames\5-5-p0006-qnan-nnan-nan_tp.jpg
5,5_P0007,IMG_2654.MOV,tm,9.0,C:\Users\sdris\Documents\git\waterpolo-xg\app\reports\frames\5-5-p0007-qnan-nnan-nan_tm.jpg
5,5_P0007,IMG_2654.MOV,t0,11.0,C:\Users\sdris\Documents\git\waterpolo-xg\app\reports\frames\5-5-p0007-qnan-nnan-nan_t0.jpg
5,5_P0007,IMG_2654.MOV,tp,13.0,C:\Users\sdris\Documents\git\waterpolo-xg\app\reports\frames\5-5-p0007-qnan-nnan-nan_tp.jpg
5,5_P0008,IMG_2655.MOV,tm,16.0,C:\Users\sdris\Documents\git\waterpolo-xg\app\reports\frames\5-5-p0008-qnan-nnan-nan_tm.jpg
5,5_P0008,IMG_2655.MOV,t0,18.0,C:\Users\sdris\Documents\git\waterpolo-xg\app\reports\frames\5-5-p0008-qnan-nnan-nan_t0.jpg
5,5_P0008,IMG_2655.MOV,tp,20.0,C:\Users\sdris\Documents\git\waterpolo-xg\app\reports\frames\5-5-p0008-qnan-nnan-nan_tp.jpg
5,5_P0009,IMG_2655.MOV,tm,55.0,C:\Users\sdris\Documents\git\waterpolo-xg\app\reports\frames\5-5-p0009-qnan-nnan-nan_tm.jpg
5,5_P0009,IMG_2655.MOV,t0,57.0,C:\Users\sdris\Documents\git\waterpolo-xg\app\reports\frames\5-5-p0009-qnan-nnan-nan_t0.jpg
5,5_P0009,IMG_2655.MOV,tp,59.0,C:\Users\sdris\Documents\git\waterpolo-xg\app\reports\frames\5-5-p0009-qnan-nnan-nan_tp.jpg
5,5_P0010,IMG_2658.MOV,tm,43.0,C:\Users\sdris\Documents\git\waterpolo-xg\app\reports\frames\5-5-p0010-qnan-n15-standard_tm.jpg
5,5_P0010,IMG_2658.MOV,t0,45.0,C:\Users\sdris\Documents\git\waterpolo-xg\app\reports\frames\5-5-p0010-qnan-n15-standard_t0.jpg
5,5_P0010,IMG_2658.MOV,tp,47.0,C:\Users\sdris\Documents\git\waterpolo-xg\app\reports\frames\5-5-p0010-qnan-n15-standard_tp.jpg
5,5_P0011,IMG_2659.MOV,tm,35.0,C:\Users\sdris\Documents\git\waterpolo-xg\app\reports\frames\5-5-p0011-qnan-nnan-nan_tm.jpg
5,5_P0011,IMG_2659.MOV,t0,37.0,C:\Users\sdris\Documents\git\waterpolo-xg\app\reports\frames\5-5-p0011-qnan-nnan-nan_t0.jpg
5,5_P0011,IMG_2659.MOV,tp,39.0,C:\Users\sdris\Documents\git\waterpolo-xg\app\reports\frames\5-5-p0011-qnan-nnan-nan_tp.jpg
5,5_P0012,IMG_2663.MOV,tm,53.0,C:\Users\sdris\Documents\git\waterpolo-xg\app\reports\frames\5-5-p0012-qnan-n3-skip_tm.jpg
5,5_P0012,IMG_2663.MOV,t0,55.0,C:\Users\sdris\Documents\git\waterpolo-xg\app\reports\frames\5-5-p0012-qnan-n3-skip_t0.jpg
5,5_P0012,IMG_2663.MOV,tp,57.0,C:\Users\sdris\Documents\git\waterpolo-xg\app\reports\frames\5-5-p0012-qnan-n3-skip_tp.jpg
5,5_P0013,IMG_2666.MOV,tm,18.0,C:\Users\sdris\Documents\git\waterpolo-xg\app\reports\frames\5-5-p0013-qnan-nnan-nan_tm.jpg
5,5_P0013,IMG_2666.MOV,t0,20.0,C:\Users\sdris\Documents\git\waterpolo-xg\app\reports\frames\5-5-p0013-qnan-nnan-nan_t0.jpg
5,5_P0013,IMG_2666.MOV,tp,22.0,C:\Users\sdris\Documents\git\waterpolo-xg\app\reports\frames\5-5-p0013-qnan-nnan-nan_tp.jpg
5,5_P0014,IMG_2667.MOV,tm,7.0,C:\Users\sdris\Documents\git\waterpolo-xg\app\reports\frames\5-5-p0014-qnan-n15-skip_tm.jpg
5,5_P0014,IMG_2667.MOV,t0,9.0,C:\Users\sdris\Documents\git\waterpolo-xg\app\reports\frames\5-5-p0014-qnan-n15-skip_t0.jpg
5,5_P0014,IMG_2667.MOV,tp,11.0,C:\Users\sdris\Documents\git\waterpolo-xg\app\reports\frames\5-5-p0014-qnan-n15-skip_tp.jpg
5,5_P0015,IMG_2669.MOV,tm,31.0,C:\Users\sdris\Documents\git\waterpolo-xg\app\reports\frames\5-5-p0015-qnan-nnan-nan_tm.jpg
5,5_P0015,IMG_2669.MOV,t0,33.0,C:\Users\sdris\Documents\git\waterpolo-xg\app\reports\frames\5-5-p0015-qnan-nnan-nan_t0.jpg
5,5_P0015,IMG_2669.MOV,tp,35.0,C:\Users\sdris\Documents\git\waterpolo-xg\app\reports\frames\5-5-p0015-qnan-nnan-nan_tp.jpg
5,5_P0016,IMG_2675.MOV,tm,34.0,C:\Users\sdris\Documents\git\waterpolo-xg\app\reports\frames\5-5-p0016-qnan-n5-standard_tm.jpg
5,5_P0016,IMG_2675.MOV,t0,36.0,C:\Users\sdris\Documents\git\waterpolo-xg\app\reports\frames\5-5-p0016-qnan-n5-standard_t0.jpg
5,5_P0016,IMG_2675.MOV,tp,38.0,C:\Users\sdris\Documents\git\waterpolo-xg\app\reports\frames\5-5-p0016-qnan-n5-standard_tp.jpg
5,5_P0017,IMG_2677.MOV,tm,18.0,C:\Users\sdris\Documents\git\waterpolo-xg\app\reports\frames\5-5-p0017-qnan-n15-standard_tm.jpg
5,5_P0017,IMG_2677.MOV,t0,20.0,C:\Users\sdris\Documents\git\waterpolo-xg\app\reports\frames\5-5-p0017-qnan-n15-standard_t0.jpg
5,5_P0017,IMG_2677.MOV,tp,22.0,C:\Users\sdris\Documents\git\waterpolo-xg\app\reports\frames\5-5-p0017-qnan-n15-standard_tp.jpg
5,5_P0018,IMG_2678.MOV,tm,40.0,C:\Users\sdris\Documents\git\waterpolo-xg\app\reports\frames\5-5-p0018-qnan-n2-standard_tm.jpg
5,5_P0018,IMG_2678.MOV,t0,42.0,C:\Users\sdris\Documents\git\waterpolo-xg\app\reports\frames\5-5-p0018-qnan-n2-standard_t0.jpg
5,5_P0018,IMG_2678.MOV,tp,44.0,C:\Users\sdris\Documents\git\waterpolo-xg\app\reports\frames\5-5-p0018-qnan-n2-standard_tp.jpg
5,5_P0019,IMG_2678.MOV,tm,42.0,C:\Users\sdris\Documents\git\waterpolo-xg\app\reports\frames\5-5-p0019-qnan-n12-tip-deflection_tm.jpg
5,5_P0019,IMG_2678.MOV,t0,44.0,C:\Users\sdris\Documents\git\waterpolo-xg\app\reports\frames\5-5-p0019-qnan-n12-tip-deflection_t0.jpg
5,5_P0019,IMG_2678.MOV,tp,46.0,C:\Users\sdris\Documents\git\waterpolo-xg\app\reports\frames\5-5-p0019-qnan-n12-tip-deflection_tp.jpg
5,5_P0020,IMG_2680.MOV,tm,16.0,C:\Users\sdris\Documents\git\waterpolo-xg\app\reports\frames\5-5-p0020-qnan-n12-standard_tm.jpg
5,5_P0020,IMG_2680.MOV,t0,18.0,C:\Users\sdris\Documents\git\waterpolo-xg\app\reports\frames\5-5-p0020-qnan-n12-standard_t0.jpg
5,5_P0020,IMG_2680.MOV,tp,20.0,C:\Users\sdris\Documents\git\waterpolo-xg\app\reports\frames\5-5-p0020-qnan-n12-standard_tp.jpg
5,5_P0021,IMG_2681.MOV,tm,15.0,C:\Users\sdris\Documents\git\waterpolo-xg\app\reports\frames\5-5-p0021-qnan-nnan-nan_tm.jpg
5,5_P0021,IMG_2681.MOV,t0,17.0,C:\Users\sdris\Documents\git\waterpolo-xg\app\reports\frames\5-5-p0021-qnan-nnan-nan_t0.jpg
5,5_P0021,IMG_2681.MOV,tp,19.0,C:\Users\sdris\Documents\git\waterpolo-xg\app\reports\frames\5-5-p0021-qnan-nnan-nan_tp.jpg
5,5_P0022,IMG_2685.MOV,tm,30.0,C:\Users\sdris\Documents\git\waterpolo-xg\app\reports\frames\5-5-p0022-qnan-nnan-nan_tm.jpg
5,5_P0022,IMG_2685.MOV,t0,32.0,C:\Users\sdris\Documents\git\waterpolo-xg\app\reports\frames\5-5-p0022-qnan-nnan-nan_t0.jpg
5,5_P0022,IMG_2685.MOV,tp,34.0,C:\Users\sdris\Documents\git\waterpolo-xg\app\reports\frames\5-5-p0022-qnan-nnan-nan_tp.jpg
5,5_P0023,IMG_2687.MOV,tm,24.0,C:\Users\sdris\Documents\git\waterpolo-xg\app\reports\frames\5-5-p0023-qnan-n5-skip_tm.jpg
5,5_P0023,IMG_2687.MOV,t0,26.0,C:\Users\sdris\Documents\git\waterpolo-xg\app\reports\frames\5-5-p0023-qnan-n5-skip_t0.jpg
5,5_P0023,IMG_2687.MOV,tp,28.0,C:\Users\sdris\Documents\git\waterpolo-xg\app\reports\frames\5-5-p0023-qnan-n5-skip_tp.jpg
6,6_P0001,IMG_4559.MOV,tm,50.0,C:\Users\sdris\Documents\git\waterpolo-xg\app\reports\frames\6-6-p0001-q1-n14-skip_tm.jpg
6,6_P0001,IMG_4559.MOV,t0,52.0,C:\Users\sdris\Documents\git\waterpolo-xg\app\reports\frames\6-6-p0001-q1-n14-skip_t0.jpg
6,6_P0001,IMG_4559.MOV,tp,54.0,C:\Users\sdris\Documents\git\waterpolo-xg\app\reports\frames\6-6-p0001-q1-n14-skip_tp.jpg
6,6_P0002,IMG_4560.MOV,tm,15.0,C:\Users\sdris\Documents\git\waterpolo-xg\app\reports\frames\6-6-p0002-qnan-nnan-nan_tm.jpg
6,6_P0002,IMG_4560.MOV,t0,17.0,C:\Users\sdris\Documents\git\waterpolo-xg\app\reports\frames\6-6-p0002-qnan-nnan-nan_t0.jpg
6,6_P0002,IMG_4560.MOV,tp,19.0,C:\Users\sdris\Documents\git\waterpolo-xg\app\reports\frames\6-6-p0002-qnan-nnan-nan_tp.jpg
6,6_P0003,IMG_4561.MOV,tm,52.0,C:\Users\sdris\Documents\git\waterpolo-xg\app\reports\frames\6-6-p0003-qnan-n8-standard_tm.jpg
6,6_P0003,IMG_4561.MOV,t0,54.0,C:\Users\sdris\Documents\git\waterpolo-xg\app\reports\frames\6-6-p0003-qnan-n8-standard_t0.jpg
6,6_P0003,IMG_4561.MOV,tp,56.0,C:\Users\sdris\Documents\git\waterpolo-xg\app\reports\frames\6-6-p0003-qnan-n8-standard_tp.jpg
6,6_P0004,IMG_4564.MOV,tm,48.0,C:\Users\sdris\Documents\git\waterpolo-xg\app\reports\frames\6-6-p0004-qnan-n8-skip_tm.jpg
6,6_P0004,IMG_4564.MOV,t0,50.0,C:\Users\sdris\Documents\git\waterpolo-xg\app\reports\frames\6-6-p0004-qnan-n8-skip_t0.jpg
6,6_P0004,IMG_4564.MOV,tp,52.0,C:\Users\sdris\Documents\git\waterpolo-xg\app\reports\frames\6-6-p0004-qnan-n8-skip_tp.jpg
6,6_P0005,IMG_4566.MOV,tm,32.0,C:\Users\sdris\Documents\git\waterpolo-xg\app\reports\frames\6-6-p0005-qnan-n8-standard_tm.jpg
6,6_P0005,IMG_4566.MOV,t0,34.0,C:\Users\sdris\Documents\git\waterpolo-xg\app\reports\frames\6-6-p0005-qnan-n8-standard_t0.jpg
6,6_P0005,IMG_4566.MOV,tp,36.0,C:\Users\sdris\Documents\git\waterpolo-xg\app\reports\frames\6-6-p0005-qnan-n8-standard_tp.jpg
6,6_P0006,IMG_4567.MOV,tm,33.0,C:\Users\sdris\Documents\git\waterpolo-xg\app\reports\frames\6-6-p0006-qnan-n8-skip_tm.jpg
6,6_P0006,IMG_4567.MOV,t0,35.0,C:\Users\sdris\Documents\git\waterpolo-xg\app\reports\frames\6-6-p0006-qnan-n8-skip_t0.jpg
6,6_P0006,IMG_4567.MOV,tp,37.0,C:\Users\sdris\Documents\git\waterpolo-xg\app\reports\frames\6-6-p0006-qnan-n8-skip_tp.jpg
6,6_P0007,IMG_4567.MOV,tm,42.0,C:\Users\sdris\Documents\git\waterpolo-xg\app\reports\frames\6-6-p0007-qnan-nnan-nan_tm.jpg
6,6_P0007,IMG_4567.MOV,t0,44.0,C:\Users\sdris\Documents\git\waterpolo-xg\app\reports\frames\6-6-p0007-qnan-nnan-nan_t0.jpg
6,6_P0007,IMG_4567.MOV,tp,46.0,C:\Users\sdris\Documents\git\waterpolo-xg\app\reports\frames\6-6-p0007-qnan-nnan-nan_tp.jpg
6,6_P0008,IMG_4570_1.MOV,tm,16.0,C:\Users\sdris\Documents\git\waterpolo-xg\app\reports\frames\6-6-p0008-qnan-nnan-nan_tm.jpg
6,6_P0008,IMG_4570_1.MOV,t0,18.0,C:\Users\sdris\Documents\git\waterpolo-xg\app\reports\frames\6-6-p0008-qnan-nnan-nan_t0.jpg
6,6_P0008,IMG_4570_1.MOV,tp,20.0,C:\Users\sdris\Documents\git\waterpolo-xg\app\reports\frames\6-6-p0008-qnan-nnan-nan_tp.jpg
6,6_P0009,IMG_4571.MOV,tm,34.0,C:\Users\sdris\Documents\git\waterpolo-xg\app\reports\frames\6-6-p0009-qnan-n10-skip_tm.jpg
6,6_P0009,IMG_4571.MOV,t0,36.0,C:\Users\sdris\Documents\git\waterpolo-xg\app\reports\frames\6-6-p0009-qnan-n10-skip_t0.jpg
6,6_P0009,IMG_4571.MOV,tp,38.0,C:\Users\sdris\Documents\git\waterpolo-xg\app\reports\frames\6-6-p0009-qnan-n10-skip_tp.jpg
6,6_P0010,IMG_4572.MOV,tm,53.0,C:\Users\sdris\Documents\git\waterpolo-xg\app\reports\frames\6-6-p0010-qnan-n15-skip_tm.jpg
6,6_P0010,IMG_4572.MOV,t0,55.0,C:\Users\sdris\Documents\git\waterpolo-xg\app\reports\frames\6-6-p0010-qnan-n15-skip_t0.jpg
6,6_P0010,IMG_4572.MOV,tp,57.0,C:\Users\sdris\Documents\git\waterpolo-xg\app\reports\frames\6-6-p0010-qnan-n15-skip_tp.jpg
6,6_P0011,IMG_4577.MOV,tm,11.0,C:\Users\sdris\Documents\git\waterpolo-xg\app\reports\frames\6-6-p0011-qnan-nnan-nan_tm.jpg
6,6_P0011,IMG_4577.MOV,t0,13.0,C:\Users\sdris\Documents\git\waterpolo-xg\app\reports\frames\6-6-p0011-qnan-nnan-nan_t0.jpg
6,6_P0011,IMG_4577.MOV,tp,15.0,C:\Users\sdris\Documents\git\waterpolo-xg\app\reports\frames\6-6-p0011-qnan-nnan-nan_tp.jpg
6,6_P0012,IMG_4579.MOV,tm,7.0,C:\Users\sdris\Documents\git\waterpolo-xg\app\reports\frames\6-6-p0012-qnan-nnan-nan_tm.jpg
6,6_P0012,IMG_4579.MOV,t0,9.0,C:\Users\sdris\Documents\git\waterpolo-xg\app\reports\frames\6-6-p0012-qnan-nnan-nan_t0.jpg
6,6_P0012,IMG_4579.MOV,tp,11.0,C:\Users\sdris\Documents\git\waterpolo-xg\app\reports\frames\6-6-p0012-qnan-nnan-nan_tp.jpg
6,6_P0013,IMG_4581.MOV,tm,28.0,C:\Users\sdris\Documents\git\waterpolo-xg\app\reports\frames\6-6-p0013-qnan-n11-skip_tm.jpg
6,6_P0013,IMG_4581.MOV,t0,30.0,C:\Users\sdris\Documents\git\waterpolo-xg\app\reports\frames\6-6-p0013-qnan-n11-skip_t0.jpg
6,6_P0013,IMG_4581.MOV,tp,32.0,C:\Users\sdris\Documents\git\waterpolo-xg\app\reports\frames\6-6-p0013-qnan-n11-skip_tp.jpg
6,6_P0014,IMG_4583.MOV,tm,27.0,C:\Users\sdris\Documents\git\waterpolo-xg\app\reports\frames\6-6-p0014-qnan-nnan-nan_tm.jpg
6,6_P0014,IMG_4583.MOV,t0,29.0,C:\Users\sdris\Documents\git\waterpolo-xg\app\reports\frames\6-6-p0014-qnan-nnan-nan_t0.jpg
6,6_P0014,IMG_4583.MOV,tp,31.0,C:\Users\sdris\Documents\git\waterpolo-xg\app\reports\frames\6-6-p0014-qnan-nnan-nan_tp.jpg
6,6_P0015,IMG_4585.MOV,tm,16.0,C:\Users\sdris\Documents\git\waterpolo-xg\app\reports\frames\6-6-p0015-qnan-nnan-nan_tm.jpg
6,6_P0015,IMG_4585.MOV,t0,18.0,C:\Users\sdris\Documents\git\waterpolo-xg\app\reports\frames\6-6-p0015-qnan-nnan-nan_t0.jpg
6,6_P0015,IMG_4585.MOV,tp,20.0,C:\Users\sdris\Documents\git\waterpolo-xg\app\reports\frames\6-6-p0015-qnan-nnan-nan_tp.jpg
6,6_P0016,IMG_4587.MOV,tm,20.0,C:\Users\sdris\Documents\git\waterpolo-xg\app\reports\frames\6-6-p0016-qnan-n12-lob_tm.jpg
6,6_P0016,IMG_4587.MOV,t0,22.0,C:\Users\sdris\Documents\git\waterpolo-xg\app\reports\frames\6-6-p0016-qnan-n12-lob_t0.jpg
6,6_P0016,IMG_4587.MOV,tp,24.0,C:\Users\sdris\Documents\git\waterpolo-xg\app\reports\frames\6-6-p0016-qnan-n12-lob_tp.jpg
6,6_P0017,IMG_4587.MOV,tm,52.0,C:\Users\sdris\Documents\git\waterpolo-xg\app\reports\frames\6-6-p0017-qnan-nnan-nan_tm.jpg
6,6_P0017,IMG_4587.MOV,t0,54.0,C:\Users\sdris\Documents\git\waterpolo-xg\app\reports\frames\6-6-p0017-qnan-nnan-nan_t0.jpg
6,6_P0017,IMG_4587.MOV,tp,56.0,C:\Users\sdris\Documents\git\waterpolo-xg\app\reports\frames\6-6-p0017-qnan-nnan-nan_tp.jpg
6,6_P0018,IMG_4588.MOV,tm,31.0,C:\Users\sdris\Documents\git\waterpolo-xg\app\reports\frames\6-6-p0018-qnan-n10-tip-deflection_tm.jpg
6,6_P0018,IMG_4588.MOV,t0,33.0,C:\Users\sdris\Documents\git\waterpolo-xg\app\reports\frames\6-6-p0018-qnan-n10-tip-deflection_t0.jpg
6,6_P0018,IMG_4588.MOV,tp,35.0,C:\Users\sdris\Documents\git\waterpolo-xg\app\reports\frames\6-6-p0018-qnan-n10-tip-deflection_tp.jpg
6,6_P0019,IMG_4590.MOV,tm,3.0,C:\Users\sdris\Documents\git\waterpolo-xg\app\reports\frames\6-6-p0019-qnan-n11-tip-deflection_tm.jpg
6,6_P0019,IMG_4590.MOV,t0,5.0,C:\Users\sdris\Documents\git\waterpolo-xg\app\reports\frames\6-6-p0019-qnan-n11-tip-deflection_t0.jpg
6,6_P0019,IMG_4590.MOV,tp,7.0,C:\Users\sdris\Documents\git\waterpolo-xg\app\reports\frames\6-6-p0019-qnan-n11-tip-deflection_tp.jpg
6,6_P0020,IMG_4592.MOV,tm,19.0,C:\Users\sdris\Documents\git\waterpolo-xg\app\reports\frames\6-6-p0020-qnan-n11-standard_tm.jpg
6,6_P0020,IMG_4592.MOV,t0,21.0,C:\Users\sdris\Documents\git\waterpolo-xg\app\reports\frames\6-6-p0020-qnan-n11-standard_t0.jpg
6,6_P0020,IMG_4592.MOV,tp,23.0,C:\Users\sdris\Documents\git\waterpolo-xg\app\reports\frames\6-6-p0020-qnan-n11-standard_tp.jpg
6,6_P0021,IMG_4594.MOV,tm,9.0,C:\Users\sdris\Documents\git\waterpolo-xg\app\reports\frames\6-6-p0021-qnan-n11-standard_tm.jpg
6,6_P0021,IMG_4594.MOV,t0,11.0,C:\Users\sdris\Documents\git\waterpolo-xg\app\reports\frames\6-6-p0021-qnan-n11-standard_t0.jpg
6,6_P0021,IMG_4594.MOV,tp,13.0,C:\Users\sdris\Documents\git\waterpolo-xg\app\reports\frames\6-6-p0021-qnan-n11-standard_tp.jpg
6,6_P0022,IMG_4596.MOV,tm,8.0,C:\Users\sdris\Documents\git\waterpolo-xg\app\reports\frames\6-6-p0022-qnan-nnan-nan_tm.jpg
6,6_P0022,IMG_4596.MOV,t0,10.0,C:\Users\sdris\Documents\git\waterpolo-xg\app\reports\frames\6-6-p0022-qnan-nnan-nan_t0.jpg
6,6_P0022,IMG_4596.MOV,tp,12.0,C:\Users\sdris\Documents\git\waterpolo-xg\app\reports\frames\6-6-p0022-qnan-nnan-nan_tp.jpg
6,6_P0023,IMG_4597.MOV,tm,24.0,C:\Users\sdris\Documents\git\waterpolo-xg\app\reports\frames\6-6-p0023-qnan-nnan-nan_tm.jpg
6,6_P0023,IMG_4597.MOV,t0,26.0,C:\Users\sdris\Documents\git\waterpolo-xg\app\reports\frames\6-6-p0023-qnan-nnan-nan_t0.jpg
6,6_P0023,IMG_4597.MOV,tp,28.0,C:\Users\sdris\Documents\git\waterpolo-xg\app\reports\frames\6-6-p0023-qnan-nnan-nan_tp.jpg
6,6_P0024,IMG_4600.MOV,tm,16.0,C:\Users\sdris\Documents\git\waterpolo-xg\app\reports\frames\6-6-p0024-qnan-n10-backhand_tm.jpg
6,6_P0024,IMG_4600.MOV,t0,18.0,C:\Users\sdris\Documents\git\waterpolo-xg\app\reports\frames\6-6-p0024-qnan-n10-backhand_t0.jpg
6,6_P0024,IMG_4600.MOV,tp,20.0,C:\Users\sdris\Documents\git\waterpolo-xg\app\reports\frames\6-6-p0024-qnan-n10-backhand_tp.jpg
6,6_P0025,IMG_4611.MOV,tm,21.0,C:\Users\sdris\Documents\git\waterpolo-xg\app\reports\frames\6-6-p0025-qnan-n15-standard_tm.jpg
6,6_P0025,IMG_4611.MOV,t0,23.0,C:\Users\sdris\Documents\git\waterpolo-xg\app\reports\frames\6-6-p0025-qnan-n15-standard_t0.jpg
6,6_P0025,IMG_4611.MOV,tp,25.0,C:\Users\sdris\Documents\git\waterpolo-xg\app\reports\frames\6-6-p0025-qnan-n15-standard_tp.jpg
6,6_P0026,IMG_4613.MOV,tm,23.0,C:\Users\sdris\Documents\git\waterpolo-xg\app\reports\frames\6-6-p0026-qnan-nnan-nan_tm.jpg
6,6_P0026,IMG_4613.MOV,t0,25.0,C:\Users\sdris\Documents\git\waterpolo-xg\app\reports\frames\6-6-p0026-qnan-nnan-nan_t0.jpg
6,6_P0026,IMG_4613.MOV,tp,27.0,C:\Users\sdris\Documents\git\waterpolo-xg\app\reports\frames\6-6-p0026-qnan-nnan-nan_tp.jpg
7,7_P0001,IMG_5618.MOV,tm,16.0,C:\Users\sdris\Documents\git\waterpolo-xg\app\reports\frames\7-7-p0001-qnan-nnan-nan_tm.jpg
7,7_P0001,IMG_5618.MOV,t0,18.0,C:\Users\sdris\Documents\git\waterpolo-xg\app\reports\frames\7-7-p0001-qnan-nnan-nan_t0.jpg
7,7_P0001,IMG_5618.MOV,tp,20.0,C:\Users\sdris\Documents\git\waterpolo-xg\app\reports\frames\7-7-p0001-qnan-nnan-nan_tp.jpg
7,7_P0002,IMG_5618.MOV,tm,12.0,C:\Users\sdris\Documents\git\waterpolo-xg\app\reports\frames\7-7-p0002-qnan-nnan-nan_tm.jpg
7,7_P0002,IMG_5618.MOV,t0,14.0,C:\Users\sdris\Documents\git\waterpolo-xg\app\reports\frames\7-7-p0002-qnan-nnan-nan_t0.jpg
7,7_P0002,IMG_5618.MOV,tp,16.0,C:\Users\sdris\Documents\git\waterpolo-xg\app\reports\frames\7-7-p0002-qnan-nnan-nan_tp.jpg
7,7_P0003,IMG_5620.MOV,tm,31.0,C:\Users\sdris\Documents\git\waterpolo-xg\app\reports\frames\7-7-p0003-qnan-n3-standard_tm.jpg
7,7_P0003,IMG_5620.MOV,t0,33.0,C:\Users\sdris\Documents\git\waterpolo-xg\app\reports\frames\7-7-p0003-qnan-n3-standard_t0.jpg
7,7_P0003,IMG_5620.MOV,tp,35.0,C:\Users\sdris\Documents\git\waterpolo-xg\app\reports\frames\7-7-p0003-qnan-n3-standard_tp.jpg
7,7_P0004,IMG_5622.MOV,tm,19.0,C:\Users\sdris\Documents\git\waterpolo-xg\app\reports\frames\7-7-p0004-qnan-n11-lob_tm.jpg
7,7_P0004,IMG_5622.MOV,t0,21.0,C:\Users\sdris\Documents\git\waterpolo-xg\app\reports\frames\7-7-p0004-qnan-n11-lob_t0.jpg
7,7_P0004,IMG_5622.MOV,tp,23.0,C:\Users\sdris\Documents\git\waterpolo-xg\app\reports\frames\7-7-p0004-qnan-n11-lob_tp.jpg
7,7_P0005,IMG_5623.MOV,tm,54.0,C:\Users\sdris\Documents\git\waterpolo-xg\app\reports\frames\7-7-p0005-qnan-nnan-nan_tm.jpg
7,7_P0005,IMG_5623.MOV,t0,56.0,C:\Users\sdris\Documents\git\waterpolo-xg\app\reports\frames\7-7-p0005-qnan-nnan-nan_t0.jpg
7,7_P0005,IMG_5623.MOV,tp,58.0,C:\Users\sdris\Documents\git\waterpolo-xg\app\reports\frames\7-7-p0005-qnan-nnan-nan_tp.jpg
7,7_P0006,IMG_5628.MOV,tm,10.0,C:\Users\sdris\Documents\git\waterpolo-xg\app\reports\frames\7-7-p0006-qnan-nnan-nan_tm.jpg
7,7_P0006,IMG_5628.MOV,t0,12.0,C:\Users\sdris\Documents\git\waterpolo-xg\app\reports\frames\7-7-p0006-qnan-nnan-nan_t0.jpg
7,7_P0006,IMG_5628.MOV,tp,14.0,C:\Users\sdris\Documents\git\waterpolo-xg\app\reports\frames\7-7-p0006-qnan-nnan-nan_tp.jpg
7,7_P0007,IMG_5632.MOV,tm,13.0,C:\Users\sdris\Documents\git\waterpolo-xg\app\reports\frames\7-7-p0007-qnan-nnan-nan_tm.jpg
7,7_P0007,IMG_5632.MOV,t0,15.0,C:\Users\sdris\Documents\git\waterpolo-xg\app\reports\frames\7-7-p0007-qnan-nnan-nan_t0.jpg
7,7_P0007,IMG_5632.MOV,tp,17.0,C:\Users\sdris\Documents\git\waterpolo-xg\app\reports\frames\7-7-p0007-qnan-nnan-nan_tp.jpg
7,7_P0008,IMG_5634.MOV,tm,43.0,C:\Users\sdris\Documents\git\waterpolo-xg\app\reports\frames\7-7-p0008-qnan-n2-standard_tm.jpg
7,7_P0008,IMG_5634.MOV,t0,45.0,C:\Users\sdris\Documents\git\waterpolo-xg\app\reports\frames\7-7-p0008-qnan-n2-standard_t0.jpg
7,7_P0008,IMG_5634.MOV,tp,47.0,C:\Users\sdris\Documents\git\waterpolo-xg\app\reports\frames\7-7-p0008-qnan-n2-standard_tp.jpg
7,7_P0009,IMG_5635.MOV,tm,24.0,C:\Users\sdris\Documents\git\waterpolo-xg\app\reports\frames\7-7-p0009-qnan-n6-standard_tm.jpg
7,7_P0009,IMG_5635.MOV,t0,26.0,C:\Users\sdris\Documents\git\waterpolo-xg\app\reports\frames\7-7-p0009-qnan-n6-standard_t0.jpg
7,7_P0009,IMG_5635.MOV,tp,28.0,C:\Users\sdris\Documents\git\waterpolo-xg\app\reports\frames\7-7-p0009-qnan-n6-standard_tp.jpg
7,7_P0010,IMG_5636.MOV,tm,32.0,C:\Users\sdris\Documents\git\waterpolo-xg\app\reports\frames\7-7-p0010-qnan-nnan-nan_tm.jpg
7,7_P0010,IMG_5636.MOV,t0,34.0,C:\Users\sdris\Documents\git\waterpolo-xg\app\reports\frames\7-7-p0010-qnan-nnan-nan_t0.jpg
7,7_P0010,IMG_5636.MOV,tp,36.0,C:\Users\sdris\Documents\git\waterpolo-xg\app\reports\frames\7-7-p0010-qnan-nnan-nan_tp.jpg
7,7_P0011,IMG_5638.MOV,tm,3.0,C:\Users\sdris\Documents\git\waterpolo-xg\app\reports\frames\7-7-p0011-qnan-nnan-nan_tm.jpg
7,7_P0011,IMG_5638.MOV,t0,5.0,C:\Users\sdris\Documents\git\waterpolo-xg\app\reports\frames\7-7-p0011-qnan-nnan-nan_t0.jpg
7,7_P0011,IMG_5638.MOV,tp,7.0,C:\Users\sdris\Documents\git\waterpolo-xg\app\reports\frames\7-7-p0011-qnan-nnan-nan_tp.jpg
7,7_P0012,IMG_5638.MOV,tm,31.0,C:\Users\sdris\Documents\git\waterpolo-xg\app\reports\frames\7-7-p0012-qnan-nnan-nan_tm.jpg
7,7_P0012,IMG_5638.MOV,t0,33.0,C:\Users\sdris\Documents\git\waterpolo-xg\app\reports\frames\7-7-p0012-qnan-nnan-nan_t0.jpg
7,7_P0012,IMG_5638.MOV,tp,35.0,C:\Users\sdris\Documents\git\waterpolo-xg\app\reports\frames\7-7-p0012-qnan-nnan-nan_tp.jpg
7,7_P0013,IMG_5645.MOV,tm,27.0,C:\Users\sdris\Documents\git\waterpolo-xg\app\reports\frames\7-7-p0013-qnan-n8-standard_tm.jpg
7,7_P0013,IMG_5645.MOV,t0,29.0,C:\Users\sdris\Documents\git\waterpolo-xg\app\reports\frames\7-7-p0013-qnan-n8-standard_t0.jpg
7,7_P0013,IMG_5645.MOV,tp,31.0,C:\Users\sdris\Documents\git\waterpolo-xg\app\reports\frames\7-7-p0013-qnan-n8-standard_tp.jpg
7,7_P0014,IMG_5652.MOV,tm,11.0,C:\Users\sdris\Documents\git\waterpolo-xg\app\reports\frames\7-7-p0014-qnan-n2-standard_tm.jpg
7,7_P0014,IMG_5652.MOV,t0,13.0,C:\Users\sdris\Documents\git\waterpolo-xg\app\reports\frames\7-7-p0014-qnan-n2-standard_t0.jpg
7,7_P0014,IMG_5652.MOV,tp,15.0,C:\Users\sdris\Documents\git\waterpolo-xg\app\reports\frames\7-7-p0014-qnan-n2-standard_tp.jpg
7,7_P0015,IMG_5652.MOV,tm,43.0,C:\Users\sdris\Documents\git\waterpolo-xg\app\reports\frames\7-7-p0015-qnan-n2-standard_tm.jpg
7,7_P0015,IMG_5652.MOV,t0,45.0,C:\Users\sdris\Documents\git\waterpolo-xg\app\reports\frames\7-7-p0015-qnan-n2-standard_t0.jpg
7,7_P0015,IMG_5652.MOV,tp,47.0,C:\Users\sdris\Documents\git\waterpolo-xg\app\reports\frames\7-7-p0015-qnan-n2-standard_tp.jpg
7,7_P0016,IMG_5656.MOV,tm,15.0,C:\Users\sdris\Documents\git\waterpolo-xg\app\reports\frames\7-7-p0016-qnan-n3-lob_tm.jpg
7,7_P0016,IMG_5656.MOV,t0,17.0,C:\Users\sdris\Documents\git\waterpolo-xg\app\reports\frames\7-7-p0016-qnan-n3-lob_t0.jpg
7,7_P0016,IMG_5656.MOV,tp,19.0,C:\Users\sdris\Documents\git\waterpolo-xg\app\reports\frames\7-7-p0016-qnan-n3-lob_tp.jpg
7,7_P0017,IMG_5658.MOV,tm,21.0,C:\Users\sdris\Documents\git\waterpolo-xg\app\reports\frames\7-7-p0017-qnan-n10-skip_tm.jpg
7,7_P0017,IMG_5658.MOV,t0,23.0,C:\Users\sdris\Documents\git\waterpolo-xg\app\reports\frames\7-7-p0017-qnan-n10-skip_t0.jpg
7,7_P0017,IMG_5658.MOV,tp,25.0,C:\Users\sdris\Documents\git\waterpolo-xg\app\reports\frames\7-7-p0017-qnan-n10-skip_tp.jpg
7,7_P0018,IMG_5659.MOV,tm,13.0,C:\Users\sdris\Documents\git\waterpolo-xg\app\reports\frames\7-7-p0018-qnan-nnan-nan_tm.jpg
7,7_P0018,IMG_5659.MOV,t0,15.0,C:\Users\sdris\Documents\git\waterpolo-xg\app\reports\frames\7-7-p0018-qnan-nnan-nan_t0.jpg
7,7_P0018,IMG_5659.MOV,tp,17.0,C:\Users\sdris\Documents\git\waterpolo-xg\app\reports\frames\7-7-p0018-qnan-nnan-nan_tp.jpg
7,7_P0019,IMG_5660.MOV,tm,3.0,C:\Users\sdris\Documents\git\waterpolo-xg\app\reports\frames\7-7-p0019-qnan-n10-standard_tm.jpg
7,7_P0019,IMG_5660.MOV,t0,5.0,C:\Users\sdris\Documents\git\waterpolo-xg\app\reports\frames\7-7-p0019-qnan-n10-standard_t0.jpg
7,7_P0019,IMG_5660.MOV,tp,7.0,C:\Users\sdris\Documents\git\waterpolo-xg\app\reports\frames\7-7-p0019-qnan-n10-standard_tp.jpg
7,7_P0020,IMG_5662.MOV,tm,15.0,C:\Users\sdris\Documents\git\waterpolo-xg\app\reports\frames\7-7-p0020-qnan-nnan-nan_tm.jpg
7,7_P0020,IMG_5662.MOV,t0,17.0,C:\Users\sdris\Documents\git\waterpolo-xg\app\reports\frames\7-7-p0020-qnan-nnan-nan_t0.jpg
7,7_P0020,IMG_5662.MOV,tp,19.0,C:\Users\sdris\Documents\git\waterpolo-xg\app\reports\frames\7-7-p0020-qnan-nnan-nan_tp.jpg
7,7_P0021,IMG_5662.MOV,tm,32.0,C:\Users\sdris\Documents\git\waterpolo-xg\app\reports\frames\7-7-p0021-qnan-n11-standard_tm.jpg
7,7_P0021,IMG_5662.MOV,t0,34.0,C:\Users\sdris\Documents\git\waterpolo-xg\app\reports\frames\7-7-p0021-qnan-n11-standard_t0.jpg
7,7_P0021,IMG_5662.MOV,tp,36.0,C:\Users\sdris\Documents\git\waterpolo-xg\app\reports\frames\7-7-p0021-qnan-n11-standard_tp.jpg
7,7_P0022,IMG_5667.MOV,tm,11.0,C:\Users\sdris\Documents\git\waterpolo-xg\app\reports\frames\7-7-p0022-qnan-n10-skip_tm.jpg
7,7_P0022,IMG_5667.MOV,t0,13.0,C:\Users\sdris\Documents\git\waterpolo-xg\app\reports\frames\7-7-p0022-qnan-n10-skip_t0.jpg
7,7_P0022,IMG_5667.MOV,tp,15.0,C:\Users\sdris\Documents\git\waterpolo-xg\app\reports\frames\7-7-p0022-qnan-n10-skip_tp.jpg
7,7_P0023,IMG_5669.MOV,tm,22.0,C:\Users\sdris\Documents\git\waterpolo-xg\app\reports\frames\7-7-p0023-qnan-n10-backhand_tm.jpg
7,7_P0023,IMG_5669.MOV,t0,24.0,C:\Users\sdris\Documents\git\waterpolo-xg\app\reports\frames\7-7-p0023-qnan-n10-backhand_t0.jpg
7,7_P0023,IMG_5669.MOV,tp,26.0,C:\Users\sdris\Documents\git\waterpolo-xg\app\reports\frames\7-7-p0023-qnan-n10-backhand_tp.jpg
7,7_P0024,IMG_5671.MOV,tm,24.0,C:\Users\sdris\Documents\git\waterpolo-xg\app\reports\frames\7-7-p0024-qnan-n11-standard_tm.jpg
7,7_P0024,IMG_5671.MOV,t0,26.0,C:\Users\sdris\Documents\git\waterpolo-xg\app\reports\frames\7-7-p0024-qnan-n11-standard_t0.jpg
7,7_P0024,IMG_5671.MOV,tp,28.0,C:\Users\sdris\Documents\git\waterpolo-xg\app\reports\frames\7-7-p0024-qnan-n11-standard_tp.jpg
7,7_P0025,IMG_5673.MOV,tm,24.0,C:\Users\sdris\Documents\git\waterpolo-xg\app\reports\frames\7-7-p0025-qnan-n10-punch-volley_tm.jpg
7,7_P0025,IMG_5673.MOV,t0,26.0,C:\Users\sdris\Documents\git\waterpolo-xg\app\reports\frames\7-7-p0025-qnan-n10-punch-volley_t0.jpg
7,7_P0025,IMG_5673.MOV,tp,28.0,C:\Users\sdris\Documents\git\waterpolo-xg\app\reports\frames\7-7-p0025-qnan-n10-punch-volley_tp.jpg
7,7_P0026,IMG_5675.MOV,tm,22.0,C:\Users\sdris\Documents\git\waterpolo-xg\app\reports\frames\7-7-p0026-qnan-n2-skip_tm.jpg
7,7_P0026,IMG_5675.MOV,t0,24.0,C:\Users\sdris\Documents\git\waterpolo-xg\app\reports\frames\7-7-p0026-qnan-n2-skip_t0.jpg
7,7_P0026,IMG_5675.MOV,tp,26.0,C:\Users\sdris\Documents\git\waterpolo-xg\app\reports\frames\7-7-p0026-qnan-n2-skip_tp.jpg
7,7_P0027,IMG_5676.MOV,tm,27.0,C:\Users\sdris\Documents\git\waterpolo-xg\app\reports\frames\7-7-p0027-qnan-n6-standard_tm.jpg
7,7_P0027,IMG_5676.MOV,t0,29.0,C:\Users\sdris\Documents\git\waterpolo-xg\app\reports\frames\7-7-p0027-qnan-n6-standard_t0.jpg
7,7_P0027,IMG_5676.MOV,tp,31.0,C:\Users\sdris\Documents\git\waterpolo-xg\app\reports\frames\7-7-p0027-qnan-n6-standard_tp.jpg
7,7_P0028,IMG_5678.MOV,tm,2.0,C:\Users\sdris\Documents\git\waterpolo-xg\app\reports\frames\7-7-p0028-qnan-n2-standard_tm.jpg
7,7_P0028,IMG_5678.MOV,t0,4.0,C:\Users\sdris\Documents\git\waterpolo-xg\app\reports\frames\7-7-p0028-qnan-n2-standard_t0.jpg
7,7_P0028,IMG_5678.MOV,tp,6.0,C:\Users\sdris\Documents\git\waterpolo-xg\app\reports\frames\7-7-p0028-qnan-n2-standard_tp.jpg
7,7_P0029,IMG_5680.MOV,tm,3.0,C:\Users\sdris\Documents\git\waterpolo-xg\app\reports\frames\7-7-p0029-qnan-n10-standard_tm.jpg
7,7_P0029,IMG_5680.MOV,t0,5.0,C:\Users\sdris\Documents\git\waterpolo-xg\app\reports\frames\7-7-p0029-qnan-n10-standard_t0.jpg
7,7_P0029,IMG_5680.MOV,tp,7.0,C:\Users\sdris\Documents\git\waterpolo-xg\app\reports\frames\7-7-p0029-qnan-n10-standard_tp.jpg
7,7_P0030,IMG_5682.MOV,tm,0.0,C:\Users\sdris\Documents\git\waterpolo-xg\app\reports\frames\7-7-p0030-qnan-n11-standard_tm.jpg
7,7_P0030,IMG_5682.MOV,t0,2.0,C:\Users\sdris\Documents\git\waterpolo-xg\app\reports\frames\7-7-p0030-qnan-n11-standard_t0.jpg
7,7_P0030,IMG_5682.MOV,tp,4.0,C:\Users\sdris\Documents\git\waterpolo-xg\app\reports\frames\7-7-p0030-qnan-n11-standard_tp.jpg
7,7_P0031,IMG_5684.MOV,tm,7.0,C:\Users\sdris\Documents\git\waterpolo-xg\app\reports\frames\7-7-p0031-qnan-n7-skip_tm.jpg
7,7_P0031,IMG_5684.MOV,t0,9.0,C:\Users\sdris\Documents\git\waterpolo-xg\app\reports\frames\7-7-p0031-qnan-n7-skip_t0.jpg
7,7_P0031,IMG_5684.MOV,tp,11.0,C:\Users\sdris\Documents\git\waterpolo-xg\app\reports\frames\7-7-p0031-qnan-n7-skip_tp.jpg
7,7_P0032,IMG_5686.MOV,tm,3.0,C:\Users\sdris\Documents\git\waterpolo-xg\app\reports\frames\7-7-p0032-qnan-n15-skip_tm.jpg
7,7_P0032,IMG_5686.MOV,t0,5.0,C:\Users\sdris\Documents\git\waterpolo-xg\app\reports\frames\7-7-p0032-qnan-n15-skip_t0.jpg
7,7_P0032,IMG_5686.MOV,tp,7.0,C:\Users\sdris\Documents\git\waterpolo-xg\app\reports\frames\7-7-p0032-qnan-n15-skip_tp.jpg
8,8_P0001,IMG_3689.MOV,tm,32.0,C:\Users\sdris\Documents\git\waterpolo-xg\app\reports\frames\8-8-p0001-q1-n2-standard_tm.jpg
8,8_P0001,IMG_3689.MOV,t0,34.0,C:\Users\sdris\Documents\git\waterpolo-xg\app\reports\frames\8-8-p0001-q1-n2-standard_t0.jpg
8,8_P0001,IMG_3689.MOV,tp,36.0,C:\Users\sdris\Documents\git\waterpolo-xg\app\reports\frames\8-8-p0001-q1-n2-standard_tp.jpg
8,8_P0002,IMG_3692.MOV,tm,13.0,C:\Users\sdris\Documents\git\waterpolo-xg\app\reports\frames\8-8-p0002-q1-n13-standard_tm.jpg
8,8_P0002,IMG_3692.MOV,t0,15.0,C:\Users\sdris\Documents\git\waterpolo-xg\app\reports\frames\8-8-p0002-q1-n13-standard_t0.jpg
8,8_P0002,IMG_3692.MOV,tp,17.0,C:\Users\sdris\Documents\git\waterpolo-xg\app\reports\frames\8-8-p0002-q1-n13-standard_tp.jpg
8,8_P0003,IMG_3694.MOV,tm,25.0,C:\Users\sdris\Documents\git\waterpolo-xg\app\reports\frames\8-8-p0003-q1-n2-standard_tm.jpg
8,8_P0003,IMG_3694.MOV,t0,27.0,C:\Users\sdris\Documents\git\waterpolo-xg\app\reports\frames\8-8-p0003-q1-n2-standard_t0.jpg
8,8_P0003,IMG_3694.MOV,tp,29.0,C:\Users\sdris\Documents\git\waterpolo-xg\app\reports\frames\8-8-p0003-q1-n2-standard_tp.jpg
8,8_P0004,IMG_3695.MOV,tm,46.0,C:\Users\sdris\Documents\git\waterpolo-xg\app\reports\frames\8-8-p0004-q1-n10-standard_tm.jpg
8,8_P0004,IMG_3695.MOV,t0,48.0,C:\Users\sdris\Documents\git\waterpolo-xg\app\reports\frames\8-8-p0004-q1-n10-standard_t0.jpg
8,8_P0004,IMG_3695.MOV,tp,50.0,C:\Users\sdris\Documents\git\waterpolo-xg\app\reports\frames\8-8-p0004-q1-n10-standard_tp.jpg
8,8_P0005,IMG_3696.MOV,tm,49.0,C:\Users\sdris\Documents\git\waterpolo-xg\app\reports\frames\8-8-p0005-q1-n15-standard_tm.jpg
8,8_P0005,IMG_3696.MOV,t0,51.0,C:\Users\sdris\Documents\git\waterpolo-xg\app\reports\frames\8-8-p0005-q1-n15-standard_t0.jpg
8,8_P0005,IMG_3696.MOV,tp,53.0,C:\Users\sdris\Documents\git\waterpolo-xg\app\reports\frames\8-8-p0005-q1-n15-standard_tp.jpg
8,8_P0006,IMG_3697.MOV,tm,34.0,C:\Users\sdris\Documents\git\waterpolo-xg\app\reports\frames\8-8-p0006-q1-n4-skip_tm.jpg
8,8_P0006,IMG_3697.MOV,t0,36.0,C:\Users\sdris\Documents\git\waterpolo-xg\app\reports\frames\8-8-p0006-q1-n4-skip_t0.jpg
8,8_P0006,IMG_3697.MOV,tp,38.0,C:\Users\sdris\Documents\git\waterpolo-xg\app\reports\frames\8-8-p0006-q1-n4-skip_tp.jpg
8,8_P0007,IMG_3698.MOV,tm,34.0,C:\Users\sdris\Documents\git\waterpolo-xg\app\reports\frames\8-8-p0007-q1-n4-standard_tm.jpg
8,8_P0007,IMG_3698.MOV,t0,36.0,C:\Users\sdris\Documents\git\waterpolo-xg\app\reports\frames\8-8-p0007-q1-n4-standard_t0.jpg
8,8_P0007,IMG_3698.MOV,tp,38.0,C:\Users\sdris\Documents\git\waterpolo-xg\app\reports\frames\8-8-p0007-q1-n4-standard_tp.jpg
8,8_P0008,IMG_3700.MOV,tm,24.0,C:\Users\sdris\Documents\git\waterpolo-xg\app\reports\frames\8-8-p0008-q2-n4-standard_tm.jpg
8,8_P0008,IMG_3700.MOV,t0,26.0,C:\Users\sdris\Documents\git\waterpolo-xg\app\reports\frames\8-8-p0008-q2-n4-standard_t0.jpg
8,8_P0008,IMG_3700.MOV,tp,28.0,C:\Users\sdris\Documents\git\waterpolo-xg\app\reports\frames\8-8-p0008-q2-n4-standard_tp.jpg
8,8_P0009,IMG_3702.MOV,tm,38.0,C:\Users\sdris\Documents\git\waterpolo-xg\app\reports\frames\8-8-p0009-q2-n4-standard_tm.jpg
8,8_P0009,IMG_3702.MOV,t0,40.0,C:\Users\sdris\Documents\git\waterpolo-xg\app\reports\frames\8-8-p0009-q2-n4-standard_t0.jpg
8,8_P0009,IMG_3702.MOV,tp,42.0,C:\Users\sdris\Documents\git\waterpolo-xg\app\reports\frames\8-8-p0009-q2-n4-standard_tp.jpg
8,8_P0010,IMG_3704.MOV,tm,17.0,C:\Users\sdris\Documents\git\waterpolo-xg\app\reports\frames\8-8-p0010-q2-n15-standard_tm.jpg
8,8_P0010,IMG_3704.MOV,t0,19.0,C:\Users\sdris\Documents\git\waterpolo-xg\app\reports\frames\8-8-p0010-q2-n15-standard_t0.jpg
8,8_P0010,IMG_3704.MOV,tp,21.0,C:\Users\sdris\Documents\git\waterpolo-xg\app\reports\frames\8-8-p0010-q2-n15-standard_tp.jpg
8,8_P0011,IMG_3706.MOV,tm,39.0,C:\Users\sdris\Documents\git\waterpolo-xg\app\reports\frames\8-8-p0011-q2-n4-standard_tm.jpg
8,8_P0011,IMG_3706.MOV,t0,41.0,C:\Users\sdris\Documents\git\waterpolo-xg\app\reports\frames\8-8-p0011-q2-n4-standard_t0.jpg
8,8_P0011,IMG_3706.MOV,tp,43.0,C:\Users\sdris\Documents\git\waterpolo-xg\app\reports\frames\8-8-p0011-q2-n4-standard_tp.jpg
8,8_P0012,IMG_3707.MOV,tm,57.0,C:\Users\sdris\Documents\git\waterpolo-xg\app\reports\frames\8-8-p0012-q2-n8-standard_tm.jpg
8,8_P0012,IMG_3707.MOV,t0,59.0,C:\Users\sdris\Documents\git\waterpolo-xg\app\reports\frames\8-8-p0012-q2-n8-standard_t0.jpg
8,8_P0012,IMG_3707.MOV,tp,61.0,C:\Users\sdris\Documents\git\waterpolo-xg\app\reports\frames\8-8-p0012-q2-n8-standard_tp.jpg
8,8_P0013,IMG_3709.MOV,tm,9.0,C:\Users\sdris\Documents\git\waterpolo-xg\app\reports\frames\8-8-p0013-q2-n22-lob_tm.jpg
8,8_P0013,IMG_3709.MOV,t0,11.0,C:\Users\sdris\Documents\git\waterpolo-xg\app\reports\frames\8-8-p0013-q2-n22-lob_t0.jpg
8,8_P0013,IMG_3709.MOV,tp,13.0,C:\Users\sdris\Documents\git\waterpolo-xg\app\reports\frames\8-8-p0013-q2-n22-lob_tp.jpg
8,8_P0014,IMG_3713.MOV,tm,23.0,C:\Users\sdris\Documents\git\waterpolo-xg\app\reports\frames\8-8-p0014-q3-n20-standard_tm.jpg
8,8_P0014,IMG_3713.MOV,t0,25.0,C:\Users\sdris\Documents\git\waterpolo-xg\app\reports\frames\8-8-p0014-q3-n20-standard_t0.jpg
8,8_P0014,IMG_3713.MOV,tp,27.0,C:\Users\sdris\Documents\git\waterpolo-xg\app\reports\frames\8-8-p0014-q3-n20-standard_tp.jpg
8,8_P0015,IMG_3714.MOV,tm,22.0,C:\Users\sdris\Documents\git\waterpolo-xg\app\reports\frames\8-8-p0015-q3-n8-skip_tm.jpg
8,8_P0015,IMG_3714.MOV,t0,24.0,C:\Users\sdris\Documents\git\waterpolo-xg\app\reports\frames\8-8-p0015-q3-n8-skip_t0.jpg
8,8_P0015,IMG_3714.MOV,tp,26.0,C:\Users\sdris\Documents\git\waterpolo-xg\app\reports\frames\8-8-p0015-q3-n8-skip_tp.jpg
8,8_P0016,IMG_3716.MOV,tm,21.0,C:\Users\sdris\Documents\git\waterpolo-xg\app\reports\frames\8-8-p0016-q3-n20-standard_tm.jpg
8,8_P0016,IMG_3716.MOV,t0,23.0,C:\Users\sdris\Documents\git\waterpolo-xg\app\reports\frames\8-8-p0016-q3-n20-standard_t0.jpg
8,8_P0016,IMG_3716.MOV,tp,25.0,C:\Users\sdris\Documents\git\waterpolo-xg\app\reports\frames\8-8-p0016-q3-n20-standard_tp.jpg
8,8_P0017,IMG_3717.MOV,tm,52.0,C:\Users\sdris\Documents\git\waterpolo-xg\app\reports\frames\8-8-p0017-q3-n5-lob_tm.jpg
8,8_P0017,IMG_3717.MOV,t0,54.0,C:\Users\sdris\Documents\git\waterpolo-xg\app\reports\frames\8-8-p0017-q3-n5-lob_t0.jpg
8,8_P0017,IMG_3717.MOV,tp,56.0,C:\Users\sdris\Documents\git\waterpolo-xg\app\reports\frames\8-8-p0017-q3-n5-lob_tp.jpg
8,8_P0018,IMG_3719.MOV,tm,25.0,C:\Users\sdris\Documents\git\waterpolo-xg\app\reports\frames\8-8-p0018-q3-n5-standard_tm.jpg
8,8_P0018,IMG_3719.MOV,t0,27.0,C:\Users\sdris\Documents\git\waterpolo-xg\app\reports\frames\8-8-p0018-q3-n5-standard_t0.jpg
8,8_P0018,IMG_3719.MOV,tp,29.0,C:\Users\sdris\Documents\git\waterpolo-xg\app\reports\frames\8-8-p0018-q3-n5-standard_tp.jpg
8,8_P0019,IMG_3726.MOV,tm,10.0,C:\Users\sdris\Documents\git\waterpolo-xg\app\reports\frames\8-8-p0019-q4-n16-standard_tm.jpg
8,8_P0019,IMG_3726.MOV,t0,12.0,C:\Users\sdris\Documents\git\waterpolo-xg\app\reports\frames\8-8-p0019-q4-n16-standard_t0.jpg
8,8_P0019,IMG_3726.MOV,tp,14.0,C:\Users\sdris\Documents\git\waterpolo-xg\app\reports\frames\8-8-p0019-q4-n16-standard_tp.jpg
8,8_P0020,IMG_3730.MOV,tm,1.0,C:\Users\sdris\Documents\git\waterpolo-xg\app\reports\frames\8-8-p0020-q4-n15-standard_tm.jpg
8,8_P0020,IMG_3730.MOV,t0,3.0,C:\Users\sdris\Documents\git\waterpolo-xg\app\reports\frames\8-8-p0020-q4-n15-standard_t0.jpg
8,8_P0020,IMG_3730.MOV,tp,5.0,C:\Users\sdris\Documents\git\waterpolo-xg\app\reports\frames\8-8-p0020-q4-n15-standard_tp.jpg
8,8_P0021,IMG_3731.MOV,tm,29.0,C:\Users\sdris\Documents\git\waterpolo-xg\app\reports\frames\8-8-p0021-q4-n13-standard_tm.jpg
8,8_P0021,IMG_3731.MOV,t0,31.0,C:\Users\sdris\Documents\git\waterpolo-xg\app\reports\frames\8-8-p0021-q4-n13-standard_t0.jpg
8,8_P0021,IMG_3731.MOV,tp,33.0,C:\Users\sdris\Documents\git\waterpolo-xg\app\reports\frames\8-8-p0021-q4-n13-standard_tp.jpg
8,8_P0022,IMG_3733.MOV,tm,11.0,C:\Users\sdris\Documents\git\waterpolo-xg\app\reports\frames\8-8-p0022-q4-n10-standard_tm.jpg
8,8_P0022,IMG_3733.MOV,t0,13.0,C:\Users\sdris\Documents\git\waterpolo-xg\app\reports\frames\8-8-p0022-q4-n10-standard_t0.jpg
8,8_P0022,IMG_3733.MOV,tp,15.0,C:\Users\sdris\Documents\git\waterpolo-xg\app\reports\frames\8-8-p0022-q4-n10-standard_tp.jpg
8,8_P0023,IMG_3734.MOV,tm,42.0,C:\Users\sdris\Documents\git\waterpolo-xg\app\reports\frames\8-8-p0023-q4-n8-lob_tm.jpg
8,8_P0023,IMG_3734.MOV,t0,44.0,C:\Users\sdris\Documents\git\waterpolo-xg\app\reports\frames\8-8-p0023-q4-n8-lob_t0.jpg
8,8_P0023,IMG_3734.MOV,tp,46.0,C:\Users\sdris\Documents\git\waterpolo-xg\app\reports\frames\8-8-p0023-q4-n8-lob_tp.jpg
9,9_P0001,IMG_1525.MOV,tm,22.0,C:\Users\sdris\Documents\git\waterpolo-xg\app\reports\frames\9-9-p0001-qnan-n5-standard_tm.jpg
9,9_P0001,IMG_1525.MOV,t0,24.0,C:\Users\sdris\Documents\git\waterpolo-xg\app\reports\frames\9-9-p0001-qnan-n5-standard_t0.jpg
9,9_P0001,IMG_1525.MOV,tp,26.0,C:\Users\sdris\Documents\git\waterpolo-xg\app\reports\frames\9-9-p0001-qnan-n5-standard_tp.jpg
9,9_P0002,IMG_1531.MOV,tm,43.0,C:\Users\sdris\Documents\git\waterpolo-xg\app\reports\frames\9-9-p0002-qnan-n5-skip_tm.jpg
9,9_P0002,IMG_1531.MOV,t0,45.0,C:\Users\sdris\Documents\git\waterpolo-xg\app\reports\frames\9-9-p0002-qnan-n5-skip_t0.jpg
9,9_P0002,IMG_1531.MOV,tp,47.0,C:\Users\sdris\Documents\git\waterpolo-xg\app\reports\frames\9-9-p0002-qnan-n5-skip_tp.jpg
9,9_P0003,IMG_1540.MOV,tm,4.0,C:\Users\sdris\Documents\git\waterpolo-xg\app\reports\frames\9-9-p0003-qnan-n15-standard_tm.jpg
9,9_P0003,IMG_1540.MOV,t0,6.0,C:\Users\sdris\Documents\git\waterpolo-xg\app\reports\frames\9-9-p0003-qnan-n15-standard_t0.jpg
9,9_P0003,IMG_1540.MOV,tp,8.0,C:\Users\sdris\Documents\git\waterpolo-xg\app\reports\frames\9-9-p0003-qnan-n15-standard_tp.jpg
9,9_P0004,IMG_1543.MOV,tm,68.0,C:\Users\sdris\Documents\git\waterpolo-xg\app\reports\frames\9-9-p0004-qnan-n14-standard_tm.jpg
9,9_P0004,IMG_1543.MOV,t0,70.0,C:\Users\sdris\Documents\git\waterpolo-xg\app\reports\frames\9-9-p0004-qnan-n14-standard_t0.jpg
9,9_P0004,IMG_1543.MOV,tp,72.0,C:\Users\sdris\Documents\git\waterpolo-xg\app\reports\frames\9-9-p0004-qnan-n14-standard_tp.jpg
9,9_P0005,IMG_1552.MOV,tm,32.0,C:\Users\sdris\Documents\git\waterpolo-xg\app\reports\frames\9-9-p0005-qnan-n15-standard_tm.jpg
9,9_P0005,IMG_1552.MOV,t0,34.0,C:\Users\sdris\Documents\git\waterpolo-xg\app\reports\frames\9-9-p0005-qnan-n15-standard_t0.jpg
9,9_P0005,IMG_1552.MOV,tp,36.0,C:\Users\sdris\Documents\git\waterpolo-xg\app\reports\frames\9-9-p0005-qnan-n15-standard_tp.jpg
9,9_P0006,IMG_1553.MOV,tm,43.0,C:\Users\sdris\Documents\git\waterpolo-xg\app\reports\frames\9-9-p0006-qnan-n5-standard_tm.jpg
9,9_P0006,IMG_1553.MOV,t0,45.0,C:\Users\sdris\Documents\git\waterpolo-xg\app\reports\frames\9-9-p0006-qnan-n5-standard_t0.jpg
9,9_P0006,IMG_1553.MOV,tp,47.0,C:\Users\sdris\Documents\git\waterpolo-xg\app\reports\frames\9-9-p0006-qnan-n5-standard_tp.jpg
9,9_P0007,IMG_1555.MOV,tm,13.0,C:\Users\sdris\Documents\git\waterpolo-xg\app\reports\frames\9-9-p0007-qnan-n3-skip_tm.jpg
9,9_P0007,IMG_1555.MOV,t0,15.0,C:\Users\sdris\Documents\git\waterpolo-xg\app\reports\frames\9-9-p0007-qnan-n3-skip_t0.jpg
9,9_P0007,IMG_1555.MOV,tp,17.0,C:\Users\sdris\Documents\git\waterpolo-xg\app\reports\frames\9-9-p0007-qnan-n3-skip_tp.jpg
10,10_P0001,IMG_5045.MOV,tm,14.0,C:\Users\sdris\Documents\git\waterpolo-xg\app\reports\frames\10-10-p0001-qnan-n19-standard_tm.jpg
10,10_P0001,IMG_5045.MOV,t0,16.0,C:\Users\sdris\Documents\git\waterpolo-xg\app\reports\frames\10-10-p0001-qnan-n19-standard_t0.jpg
10,10_P0001,IMG_5045.MOV,tp,18.0,C:\Users\sdris\Documents\git\waterpolo-xg\app\reports\frames\10-10-p0001-qnan-n19-standard_tp.jpg
10,10_P0002,IMG_5045.MOV,tm,25.0,C:\Users\sdris\Documents\git\waterpolo-xg\app\reports\frames\10-10-p0002-qnan-n5-standard_tm.jpg
10,10_P0002,IMG_5045.MOV,t0,27.0,C:\Users\sdris\Documents\git\waterpolo-xg\app\reports\frames\10-10-p0002-qnan-n5-standard_t0.jpg
10,10_P0002,IMG_5045.MOV,tp,29.0,C:\Users\sdris\Documents\git\waterpolo-xg\app\reports\frames\10-10-p0002-qnan-n5-standard_tp.jpg
10,10_P0003,IMG_5047.MOV,tm,9.0,C:\Users\sdris\Documents\git\waterpolo-xg\app\reports\frames\10-10-p0003-qnan-n11-lob_tm.jpg
10,10_P0003,IMG_5047.MOV,t0,11.0,C:\Users\sdris\Documents\git\waterpolo-xg\app\reports\frames\10-10-p0003-qnan-n11-lob_t0.jpg
10,10_P0003,IMG_5047.MOV,tp,13.0,C:\Users\sdris\Documents\git\waterpolo-xg\app\reports\frames\10-10-p0003-qnan-n11-lob_tp.jpg
10,10_P0004,IMG_5053.MOV,tm,2.0,C:\Users\sdris\Documents\git\waterpolo-xg\app\reports\frames\10-10-p0004-qnan-n10-standard_tm.jpg
10,10_P0004,IMG_5053.MOV,t0,4.0,C:\Users\sdris\Documents\git\waterpolo-xg\app\reports\frames\10-10-p0004-qnan-n10-standard_t0.jpg
10,10_P0004,IMG_5053.MOV,tp,6.0,C:\Users\sdris\Documents\git\waterpolo-xg\app\reports\frames\10-10-p0004-qnan-n10-standard_tp.jpg
10,10_P0005,IMG_5056.MOV,tm,19.0,C:\Users\sdris\Documents\git\waterpolo-xg\app\reports\frames\10-10-p0005-qnan-n11-standard_tm.jpg
10,10_P0005,IMG_5056.MOV,t0,21.0,C:\Users\sdris\Documents\git\waterpolo-xg\app\reports\frames\10-10-p0005-qnan-n11-standard_t0.jpg
10,10_P0005,IMG_5056.MOV,tp,23.0,C:\Users\sdris\Documents\git\waterpolo-xg\app\reports\frames\10-10-p0005-qnan-n11-standard_tp.jpg
10,10_P0006,IMG_5057.MOV,tm,21.0,C:\Users\sdris\Documents\git\waterpolo-xg\app\reports\frames\10-10-p0006-qnan-n11-standard_tm.jpg
10,10_P0006,IMG_5057.MOV,t0,23.0,C:\Users\sdris\Documents\git\waterpolo-xg\app\reports\frames\10-10-p0006-qnan-n11-standard_t0.jpg
10,10_P0006,IMG_5057.MOV,tp,25.0,C:\Users\sdris\Documents\git\waterpolo-xg\app\reports\frames\10-10-p0006-qnan-n11-standard_tp.jpg
10,10_P0007,IMG_5059.MOV,tm,31.0,C:\Users\sdris\Documents\git\waterpolo-xg\app\reports\frames\10-10-p0007-qnan-n8-standard_tm.jpg
10,10_P0007,IMG_5059.MOV,t0,33.0,C:\Users\sdris\Documents\git\waterpolo-xg\app\reports\frames\10-10-p0007-qnan-n8-standard_t0.jpg
10,10_P0007,IMG_5059.MOV,tp,35.0,C:\Users\sdris\Documents\git\waterpolo-xg\app\reports\frames\10-10-p0007-qnan-n8-standard_tp.jpg
10,10_P0008,IMG_5060.MOV,tm,30.0,C:\Users\sdris\Documents\git\waterpolo-xg\app\reports\frames\10-10-p0008-qnan-n11-standard_tm.jpg
10,10_P0008,IMG_5060.MOV,t0,32.0,C:\Users\sdris\Documents\git\waterpolo-xg\app\reports\frames\10-10-p0008-qnan-n11-standard_t0.jpg
10,10_P0008,IMG_5060.MOV,tp,34.0,C:\Users\sdris\Documents\git\waterpolo-xg\app\reports\frames\10-10-p0008-qnan-n11-standard_tp.jpg
10,10_P0009,IMG_5063.MOV,tm,32.0,C:\Users\sdris\Documents\git\waterpolo-xg\app\reports\frames\10-10-p0009-qnan-n5-standard_tm.jpg
10,10_P0009,IMG_5063.MOV,t0,34.0,C:\Users\sdris\Documents\git\waterpolo-xg\app\reports\frames\10-10-p0009-qnan-n5-standard_t0.jpg
10,10_P0009,IMG_5063.MOV,tp,36.0,C:\Users\sdris\Documents\git\waterpolo-xg\app\reports\frames\10-10-p0009-qnan-n5-standard_tp.jpg
10,10_P0010,IMG_5063.MOV,tm,37.0,C:\Users\sdris\Documents\git\waterpolo-xg\app\reports\frames\10-10-p0010-qnan-n10-skip_tm.jpg
10,10_P0010,IMG_5063.MOV,t0,39.0,C:\Users\sdris\Documents\git\waterpolo-xg\app\reports\frames\10-10-p0010-qnan-n10-skip_t0.jpg
10,10_P0010,IMG_5063.MOV,tp,41.0,C:\Users\sdris\Documents\git\waterpolo-xg\app\reports\frames\10-10-p0010-qnan-n10-skip_tp.jpg
10,10_P0011,IMG_5065.MOV,tm,29.0,C:\Users\sdris\Documents\git\waterpolo-xg\app\reports\frames\10-10-p0011-qnan-n9-standard_tm.jpg
10,10_P0011,IMG_5065.MOV,t0,31.0,C:\Users\sdris\Documents\git\waterpolo-xg\app\reports\frames\10-10-p0011-qnan-n9-standard_t0.jpg
10,10_P0011,IMG_5065.MOV,tp,33.0,C:\Users\sdris\Documents\git\waterpolo-xg\app\reports\frames\10-10-p0011-qnan-n9-standard_tp.jpg
10,10_P0012,IMG_5066.MOV,tm,0.0,C:\Users\sdris\Documents\git\waterpolo-xg\app\reports\frames\10-10-p0012-qnan-n8-skip_tm.jpg
10,10_P0012,IMG_5066.MOV,t0,1.0,C:\Users\sdris\Documents\git\waterpolo-xg\app\reports\frames\10-10-p0012-qnan-n8-skip_t0.jpg
10,10_P0012,IMG_5066.MOV,tp,3.0,C:\Users\sdris\Documents\git\waterpolo-xg\app\reports\frames\10-10-p0012-qnan-n8-skip_tp.jpg
10,10_P0013,IMG_5069.MOV,tm,13.0,C:\Users\sdris\Documents\git\waterpolo-xg\app\reports\frames\10-10-p0013-qnan-n10-standard_tm.jpg
10,10_P0013,IMG_5069.MOV,t0,15.0,C:\Users\sdris\Documents\git\waterpolo-xg\app\reports\frames\10-10-p0013-qnan-n10-standard_t0.jpg
10,10_P0013,IMG_5069.MOV,tp,17.0,C:\Users\sdris\Documents\git\waterpolo-xg\app\reports\frames\10-10-p0013-qnan-n10-standard_tp.jpg
10,10_P0014,IMG_5071.MOV,tm,25.0,C:\Users\sdris\Documents\git\waterpolo-xg\app\reports\frames\10-10-p0014-qnan-n8-standard_tm.jpg
10,10_P0014,IMG_5071.MOV,t0,27.0,C:\Users\sdris\Documents\git\waterpolo-xg\app\reports\frames\10-10-p0014-qnan-n8-standard_t0.jpg
10,10_P0014,IMG_5071.MOV,tp,29.0,C:\Users\sdris\Documents\git\waterpolo-xg\app\reports\frames\10-10-p0014-qnan-n8-standard_tp.jpg
10,10_P0015,IMG_5074.MOV,tm,54.0,C:\Users\sdris\Documents\git\waterpolo-xg\app\reports\frames\10-10-p0015-qnan-n12-standard_tm.jpg
10,10_P0015,IMG_5074.MOV,t0,56.0,C:\Users\sdris\Documents\git\waterpolo-xg\app\reports\frames\10-10-p0015-qnan-n12-standard_t0.jpg
10,10_P0015,IMG_5074.MOV,tp,58.0,C:\Users\sdris\Documents\git\waterpolo-xg\app\reports\frames\10-10-p0015-qnan-n12-standard_tp.jpg
10,10_P0016,IMG_5078.MOV,tm,35.0,C:\Users\sdris\Documents\git\waterpolo-xg\app\reports\frames\10-10-p0016-qnan-n9-lob_tm.jpg
10,10_P0016,IMG_5078.MOV,t0,37.0,C:\Users\sdris\Documents\git\waterpolo-xg\app\reports\frames\10-10-p0016-qnan-n9-lob_t0.jpg
10,10_P0016,IMG_5078.MOV,tp,39.0,C:\Users\sdris\Documents\git\waterpolo-xg\app\reports\frames\10-10-p0016-qnan-n9-lob_tp.jpg
10,10_P0017,IMG_5081.MOV,tm,32.0,C:\Users\sdris\Documents\git\waterpolo-xg\app\reports\frames\10-10-p0017-qnan-n11-standard_tm.jpg
10,10_P0017,IMG_5081.MOV,t0,34.0,C:\Users\sdris\Documents\git\waterpolo-xg\app\reports\frames\10-10-p0017-qnan-n11-standard_t0.jpg
10,10_P0017,IMG_5081.MOV,tp,36.0,C:\Users\sdris\Documents\git\waterpolo-xg\app\reports\frames\10-10-p0017-qnan-n11-standard_tp.jpg
10,10_P0018,IMG_5083.MOV,tm,5.0,C:\Users\sdris\Documents\git\waterpolo-xg\app\reports\frames\10-10-p0018-qnan-n5-standard_tm.jpg
10,10_P0018,IMG_5083.MOV,t0,7.0,C:\Users\sdris\Documents\git\waterpolo-xg\app\reports\frames\10-10-p0018-qnan-n5-standard_t0.jpg
10,10_P0018,IMG_5083.MOV,tp,9.0,C:\Users\sdris\Documents\git\waterpolo-xg\app\reports\frames\10-10-p0018-qnan-n5-standard_tp.jpg
10,10_P0019,IMG_5086.MOV,tm,2.0,C:\Users\sdris\Documents\git\waterpolo-xg\app\reports\frames\10-10-p0019-qnan-n11-standard_tm.jpg
10,10_P0019,IMG_5086.MOV,t0,4.0,C:\Users\sdris\Documents\git\waterpolo-xg\app\reports\frames\10-10-p0019-qnan-n11-standard_t0.jpg
10,10_P0019,IMG_5086.MOV,tp,6.0,C:\Users\sdris\Documents\git\waterpolo-xg\app\reports\frames\10-10-p0019-qnan-n11-standard_tp.jpg
10,10_P0020,IMG_5088.MOV,tm,28.0,C:\Users\sdris\Documents\git\waterpolo-xg\app\reports\frames\10-10-p0020-qnan-n9-standard_tm.jpg
10,10_P0020,IMG_5088.MOV,t0,30.0,C:\Users\sdris\Documents\git\waterpolo-xg\app\reports\frames\10-10-p0020-qnan-n9-standard_t0.jpg
10,10_P0020,IMG_5088.MOV,tp,32.0,C:\Users\sdris\Documents\git\waterpolo-xg\app\reports\frames\10-10-p0020-qnan-n9-standard_tp.jpg
10,10_P0021,IMG_5091.MOV,tm,0.0,C:\Users\sdris\Documents\git\waterpolo-xg\app\reports\frames\10-10-p0021-qnan-n10-skip_tm.jpg
10,10_P0021,IMG_5091.MOV,t0,2.0,C:\Users\sdris\Documents\git\waterpolo-xg\app\reports\frames\10-10-p0021-qnan-n10-skip_t0.jpg
10,10_P0021,IMG_5091.MOV,tp,4.0,C:\Users\sdris\Documents\git\waterpolo-xg\app\reports\frames\10-10-p0021-qnan-n10-skip_tp.jpg
10,10_P0022,IMG_5094.MOV,tm,16.0,C:\Users\sdris\Documents\git\waterpolo-xg\app\reports\frames\10-10-p0022-qnan-n15-standard_tm.jpg
10,10_P0022,IMG_5094.MOV,t0,18.0,C:\Users\sdris\Documents\git\waterpolo-xg\app\reports\frames\10-10-p0022-qnan-n15-standard_t0.jpg
10,10_P0022,IMG_5094.MOV,tp,20.0,C:\Users\sdris\Documents\git\waterpolo-xg\app\reports\frames\10-10-p0022-qnan-n15-standard_tp.jpg
10,10_P0023,IMG_5100.MOV,tm,9.0,C:\Users\sdris\Documents\git\waterpolo-xg\app\reports\frames\10-10-p0023-qnan-n11-lob_tm.jpg
10,10_P0023,IMG_5100.MOV,t0,11.0,C:\Users\sdris\Documents\git\waterpolo-xg\app\reports\frames\10-10-p0023-qnan-n11-lob_t0.jpg
10,10_P0023,IMG_5100.MOV,tp,13.0,C:\Users\sdris\Documents\git\waterpolo-xg\app\reports\frames\10-10-p0023-qnan-n11-lob_tp.jpg
10,10_P0024,IMG_5103.MOV,tm,0.0,C:\Users\sdris\Documents\git\waterpolo-xg\app\reports\frames\10-10-p0024-qnan-n10-skip_tm.jpg
10,10_P0024,IMG_5103.MOV,t0,1.0,C:\Users\sdris\Documents\git\waterpolo-xg\app\reports\frames\10-10-p0024-qnan-n10-skip_t0.jpg
10,10_P0024,IMG_5103.MOV,tp,3.0,C:\Users\sdris\Documents\git\waterpolo-xg\app\reports\frames\10-10-p0024-qnan-n10-skip_tp.jpg
10,10_P0025,IMG_5107.MOV,tm,18.0,C:\Users\sdris\Documents\git\waterpolo-xg\app\reports\frames\10-10-p0025-qnan-n12-standard_tm.jpg
10,10_P0025,IMG_5107.MOV,t0,20.0,C:\Users\sdris\Documents\git\waterpolo-xg\app\reports\frames\10-10-p0025-qnan-n12-standard_t0.jpg
10,10_P0025,IMG_5107.MOV,tp,22.0,C:\Users\sdris\Documents\git\waterpolo-xg\app\reports\frames\10-10-p0025-qnan-n12-standard_tp.jpg
10,10_P0026,IMG_5111.MOV,tm,11.0,C:\Users\sdris\Documents\git\waterpolo-xg\app\reports\frames\10-10-p0026-qnan-n9-standard_tm.jpg
10,10_P0026,IMG_5111.MOV,t0,13.0,C:\Users\sdris\Documents\git\waterpolo-xg\app\reports\frames\10-10-p0026-qnan-n9-standard_t0.jpg
10,10_P0026,IMG_5111.MOV,tp,15.0,C:\Users\sdris\Documents\git\waterpolo-xg\app\reports\frames\10-10-p0026-qnan-n9-standard_tp.jpg
10,10_P0027,IMG_5113.MOV,tm,18.0,C:\Users\sdris\Documents\git\waterpolo-xg\app\reports\frames\10-10-p0027-qnan-n12-standard_tm.jpg
10,10_P0027,IMG_5113.MOV,t0,20.0,C:\Users\sdris\Documents\git\waterpolo-xg\app\reports\frames\10-10-p0027-qnan-n12-standard_t0.jpg
10,10_P0027,IMG_5113.MOV,tp,22.0,C:\Users\sdris\Documents\git\waterpolo-xg\app\reports\frames\10-10-p0027-qnan-n12-standard_tp.jpg
11,11_P0001,IMG_2070.MOV,tm,3.0,C:\Users\sdris\Documents\git\waterpolo-xg\app\reports\frames\11-11-p0001-q1-n9-standard_tm.jpg
11,11_P0001,IMG_2070.MOV,t0,5.0,C:\Users\sdris\Documents\git\waterpolo-xg\app\reports\frames\11-11-p0001-q1-n9-standard_t0.jpg
11,11_P0001,IMG_2070.MOV,tp,7.0,C:\Users\sdris\Documents\git\waterpolo-xg\app\reports\frames\11-11-p0001-q1-n9-standard_tp.jpg
11,11_P0002,IMG_2071.MOV,tm,37.0,C:\Users\sdris\Documents\git\waterpolo-xg\app\reports\frames\11-11-p0002-qnan-n20-lob_tm.jpg
11,11_P0002,IMG_2071.MOV,t0,39.0,C:\Users\sdris\Documents\git\waterpolo-xg\app\reports\frames\11-11-p0002-qnan-n20-lob_t0.jpg
11,11_P0002,IMG_2071.MOV,tp,41.0,C:\Users\sdris\Documents\git\waterpolo-xg\app\reports\frames\11-11-p0002-qnan-n20-lob_tp.jpg
11,11_P0003,IMG_2073.MOV,tm,18.0,C:\Users\sdris\Documents\git\waterpolo-xg\app\reports\frames\11-11-p0003-qnan-n10-standard_tm.jpg
11,11_P0003,IMG_2073.MOV,t0,20.0,C:\Users\sdris\Documents\git\waterpolo-xg\app\reports\frames\11-11-p0003-qnan-n10-standard_t0.jpg
11,11_P0003,IMG_2073.MOV,tp,22.0,C:\Users\sdris\Documents\git\waterpolo-xg\app\reports\frames\11-11-p0003-qnan-n10-standard_tp.jpg
11,11_P0004,IMG_2077.MOV,tm,37.0,C:\Users\sdris\Documents\git\waterpolo-xg\app\reports\frames\11-11-p0004-qnan-n13-standard_tm.jpg
11,11_P0004,IMG_2077.MOV,t0,39.0,C:\Users\sdris\Documents\git\waterpolo-xg\app\reports\frames\11-11-p0004-qnan-n13-standard_t0.jpg
11,11_P0004,IMG_2077.MOV,tp,41.0,C:\Users\sdris\Documents\git\waterpolo-xg\app\reports\frames\11-11-p0004-qnan-n13-standard_tp.jpg
11,11_P0005,IMG_2078.MOV,tm,40.0,C:\Users\sdris\Documents\git\waterpolo-xg\app\reports\frames\11-11-p0005-qnan-n9-standard_tm.jpg
11,11_P0005,IMG_2078.MOV,t0,42.0,C:\Users\sdris\Documents\git\waterpolo-xg\app\reports\frames\11-11-p0005-qnan-n9-standard_t0.jpg
11,11_P0005,IMG_2078.MOV,tp,44.0,C:\Users\sdris\Documents\git\waterpolo-xg\app\reports\frames\11-11-p0005-qnan-n9-standard_tp.jpg
11,11_P0006,IMG_2081.MOV,tm,26.0,C:\Users\sdris\Documents\git\waterpolo-xg\app\reports\frames\11-11-p0006-qnan-n9-standard_tm.jpg
11,11_P0006,IMG_2081.MOV,t0,28.0,C:\Users\sdris\Documents\git\waterpolo-xg\app\reports\frames\11-11-p0006-qnan-n9-standard_t0.jpg
11,11_P0006,IMG_2081.MOV,tp,30.0,C:\Users\sdris\Documents\git\waterpolo-xg\app\reports\frames\11-11-p0006-qnan-n9-standard_tp.jpg
11,11_P0007,IMG_2084.MOV,tm,37.0,C:\Users\sdris\Documents\git\waterpolo-xg\app\reports\frames\11-11-p0007-qnan-n10-standard_tm.jpg
11,11_P0007,IMG_2084.MOV,t0,39.0,C:\Users\sdris\Documents\git\waterpolo-xg\app\reports\frames\11-11-p0007-qnan-n10-standard_t0.jpg
11,11_P0007,IMG_2084.MOV,tp,41.0,C:\Users\sdris\Documents\git\waterpolo-xg\app\reports\frames\11-11-p0007-qnan-n10-standard_tp.jpg
11,11_P0008,IMG_2088.MOV,tm,15.0,C:\Users\sdris\Documents\git\waterpolo-xg\app\reports\frames\11-11-p0008-qnan-n20-standard_tm.jpg
11,11_P0008,IMG_2088.MOV,t0,17.0,C:\Users\sdris\Documents\git\waterpolo-xg\app\reports\frames\11-11-p0008-qnan-n20-standard_t0.jpg
11,11_P0008,IMG_2088.MOV,tp,19.0,C:\Users\sdris\Documents\git\waterpolo-xg\app\reports\frames\11-11-p0008-qnan-n20-standard_tp.jpg
11,11_P0009,IMG_2093.MOV,tm,15.0,C:\Users\sdris\Documents\git\waterpolo-xg\app\reports\frames\11-11-p0009-qnan-n2-standard_tm.jpg
11,11_P0009,IMG_2093.MOV,t0,17.0,C:\Users\sdris\Documents\git\waterpolo-xg\app\reports\frames\11-11-p0009-qnan-n2-standard_t0.jpg
11,11_P0009,IMG_2093.MOV,tp,19.0,C:\Users\sdris\Documents\git\waterpolo-xg\app\reports\frames\11-11-p0009-qnan-n2-standard_tp.jpg
11,11_P0010,IMG_2096.MOV,tm,66.0,C:\Users\sdris\Documents\git\waterpolo-xg\app\reports\frames\11-11-p0010-qnan-n20-standard_tm.jpg
11,11_P0010,IMG_2096.MOV,t0,68.0,C:\Users\sdris\Documents\git\waterpolo-xg\app\reports\frames\11-11-p0010-qnan-n20-standard_t0.jpg
11,11_P0010,IMG_2096.MOV,tp,70.0,C:\Users\sdris\Documents\git\waterpolo-xg\app\reports\frames\11-11-p0010-qnan-n20-standard_tp.jpg
11,11_P0011,IMG_2098.MOV,tm,37.0,C:\Users\sdris\Documents\git\waterpolo-xg\app\reports\frames\11-11-p0011-qnan-n9-standard_tm.jpg
11,11_P0011,IMG_2098.MOV,t0,39.0,C:\Users\sdris\Documents\git\waterpolo-xg\app\reports\frames\11-11-p0011-qnan-n9-standard_t0.jpg
11,11_P0011,IMG_2098.MOV,tp,41.0,C:\Users\sdris\Documents\git\waterpolo-xg\app\reports\frames\11-11-p0011-qnan-n9-standard_tp.jpg
11,11_P0012,IMG_2102.MOV,tm,7.0,C:\Users\sdris\Documents\git\waterpolo-xg\app\reports\frames\11-11-p0012-q4-n10-standard_tm.jpg
11,11_P0012,IMG_2102.MOV,t0,9.0,C:\Users\sdris\Documents\git\waterpolo-xg\app\reports\frames\11-11-p0012-q4-n10-standard_t0.jpg
11,11_P0012,IMG_2102.MOV,tp,11.0,C:\Users\sdris\Documents\git\waterpolo-xg\app\reports\frames\11-11-p0012-q4-n10-standard_tp.jpg
12,12_P0001,IMG_6444.MOV,tm,16.0,C:\Users\sdris\Documents\git\waterpolo-xg\app\reports\frames\12-12-p0001-qnan-n4-standard_tm.jpg
12,12_P0001,IMG_6444.MOV,t0,18.0,C:\Users\sdris\Documents\git\waterpolo-xg\app\reports\frames\12-12-p0001-qnan-n4-standard_t0.jpg
12,12_P0001,IMG_6444.MOV,tp,20.0,C:\Users\sdris\Documents\git\waterpolo-xg\app\reports\frames\12-12-p0001-qnan-n4-standard_tp.jpg
12,12_P0002,IMG_6421.MOV,tm,26.0,C:\Users\sdris\Documents\git\waterpolo-xg\app\reports\frames\12-12-p0002-qnan-n7-skip_tm.jpg
12,12_P0002,IMG_6421.MOV,t0,28.0,C:\Users\sdris\Documents\git\waterpolo-xg\app\reports\frames\12-12-p0002-qnan-n7-skip_t0.jpg
12,12_P0002,IMG_6421.MOV,tp,30.0,C:\Users\sdris\Documents\git\waterpolo-xg\app\reports\frames\12-12-p0002-qnan-n7-skip_tp.jpg
13,13_P0001,IMG_6394.MOV,tm,2.0,C:\Users\sdris\Documents\git\waterpolo-xg\app\reports\frames\13-13-p0001-qnan-n3-standard_tm.jpg
13,13_P0001,IMG_6394.MOV,t0,4.0,C:\Users\sdris\Documents\git\waterpolo-xg\app\reports\frames\13-13-p0001-qnan-n3-standard_t0.jpg
13,13_P0001,IMG_6394.MOV,tp,6.0,C:\Users\sdris\Documents\git\waterpolo-xg\app\reports\frames\13-13-p0001-qnan-n3-standard_tp.jpg
13,13_P0002,IMG_6391.MOV,tm,16.0,C:\Users\sdris\Documents\git\waterpolo-xg\app\reports\frames\13-13-p0002-qnan-n3-standard_tm.jpg
13,13_P0002,IMG_6391.MOV,t0,18.0,C:\Users\sdris\Documents\git\waterpolo-xg\app\reports\frames\13-13-p0002-qnan-n3-standard_t0.jpg
13,13_P0002,IMG_6391.MOV,tp,20.0,C:\Users\sdris\Documents\git\waterpolo-xg\app\reports\frames\13-13-p0002-qnan-n3-standard_tp.jpg
12,12_P0003,IMG_6471.MOV,tm,32.0,C:\Users\sdris\Documents\git\waterpolo-xg\app\reports\frames\12-12-p0003-qnan-n6-standard_tm.jpg
12,12_P0003,IMG_6471.MOV,t0,34.0,C:\Users\sdris\Documents\git\waterpolo-xg\app\reports\frames\12-12-p0003-qnan-n6-standard_t0.jpg
12,12_P0003,IMG_6471.MOV,tp,36.0,C:\Users\sdris\Documents\git\waterpolo-xg\app\reports\frames\12-12-p0003-qnan-n6-standard_tp.jpg
12,12_P0004,IMG_6462.MOV,tm,13.0,C:\Users\sdris\Documents\git\waterpolo-xg\app\reports\frames\12-12-p0004-qnan-n8-standard_tm.jpg
12,12_P0004,IMG_6462.MOV,t0,15.0,C:\Users\sdris\Documents\git\waterpolo-xg\app\reports\frames\12-12-p0004-qnan-n8-standard_t0.jpg
12,12_P0004,IMG_6462.MOV,tp,17.0,C:\Users\sdris\Documents\git\waterpolo-xg\app\reports\frames\12-12-p0004-qnan-n8-standard_tp.jpg
14,14_P0001,IMG_0077.MOV,tm,19.0,C:\Users\sdris\Documents\git\waterpolo-xg\app\reports\frames\14-14-p0001-qnan-n7-skip_tm.jpg
14,14_P0001,IMG_0077.MOV,t0,21.0,C:\Users\sdris\Documents\git\waterpolo-xg\app\reports\frames\14-14-p0001-qnan-n7-skip_t0.jpg
14,14_P0001,IMG_0077.MOV,tp,23.0,C:\Users\sdris\Documents\git\waterpolo-xg\app\reports\frames\14-14-p0001-qnan-n7-skip_tp.jpg
15,15_P0001,IMG_0131.MOV,tm,35.0,C:\Users\sdris\Documents\git\waterpolo-xg\app\reports\frames\15-15-p0001-qnan-n7-standard_tm.jpg
15,15_P0001,IMG_0131.MOV,t0,37.0,C:\Users\sdris\Documents\git\waterpolo-xg\app\reports\frames\15-15-p0001-qnan-n7-standard_t0.jpg
15,15_P0001,IMG_0131.MOV,tp,39.0,C:\Users\sdris\Documents\git\waterpolo-xg\app\reports\frames\15-15-p0001-qnan-n7-standard_tp.jpg
15,15_P0002,IMG_0135.MOV,tm,11.0,C:\Users\sdris\Documents\git\waterpolo-xg\app\reports\frames\15-15-p0002-qnan-n10-skip_tm.jpg
15,15_P0002,IMG_0135.MOV,t0,13.0,C:\Users\sdris\Documents\git\waterpolo-xg\app\reports\frames\15-15-p0002-qnan-n10-skip_t0.jpg
15,15_P0002,IMG_0135.MOV,tp,15.0,C:\Users\sdris\Documents\git\waterpolo-xg\app\reports\frames\15-15-p0002-qnan-n10-skip_tp.jpg
,2_P0024,IMG_6150.MOV,tm,,C:\Users\sdris\Documents\git\waterpolo-xg\app\reports\frames\2_P0024_tm.jpg
,2_P0024,IMG_6150.MOV,t0,,C:\Users\sdris\Documents\git\waterpolo-xg\app\reports\frames\2_P0024_t0.jpg
