possession_id,game_id,our_team_name,opponent_team_name,period,time_remaining,seconds_remaining,clock_bin,our_team_level,opponent_team_level,man_state,attack_type,event_type,possession_outcome_simple,possession_outcome_detail,is_shot,is_turnover,is_ejection_drawn,is_5m_drawn,is_man_up,empty_net,is_heave,is_long_range,defender_count,defender_count_bin,goalie_distance_m,goalie_lateral,shooter_x,shooter_y,distance_m,angle_deg,abs_angle,angle_x_distance,distance_bin,angle_bin,dist_x_manup,dist_x_defbin,poss_idx_in_game,prior_poss_before,prior_shots_before,prior_goals_before,prior_shot_rate_in_game,prior_goal_rate_in_game,last3_shots_before,last3_goals_before,last3_goal_rate_in_game,shot_type,shot_result,shooter_handedness,player_number,possession_passes,video_file,video_timestamp_mmss,sample_weight
1_P0001,1,west_sub,evanston,1,06:50,410.0,gt8s,IL Club,IL Club,6v6,counter,shot,goal,goal,True,False,False,False,False,False,False,False,1.0,def1,1.0,right,0.65,0.2,4.243,45.0,45.0,190.935,0-5,45-90,0-5|MU0,0-5|def1,1,0,0.0,0.0,0.3333333333333333,0.3333333333333333,0.0,0.0,0.3333333333333333,standard,goal,right,7.0,1.0,IMG_6154.MOV,00:18,1.0
1_P0002,1,west_sub,evanston,1,06:17,377.0,gt8s,IL Club,IL Club,6v6,perimeter,shot,goal,goal,True,False,False,False,False,False,False,False,1.0,def1,1.0,center,0.5,0.2,3.0,0.0,0.0,0.0,0-5,0-15,0-5|MU0,0-5|def1,2,1,1.0,1.0,0.5,0.5,1.0,1.0,0.5,standard,goal,right,11.0,0.0,IMG_6155.MOV,00:39,1.0
1_P0003,1,west_sub,evanston,1,05:51,351.0,gt8s,IL Club,IL Club,6v6,counter,shot,shot_no_goal,post/bar,True,False,False,False,False,False,False,False,2.0,def2p,1.5,right,0.7,0.4,7.211,33.69,33.69,242.93859,5-8,30-45,5-8|MU0,5-8|def2p,3,2,2.0,2.0,0.6,0.6,2.0,2.0,0.6,standard,post/bar,right,7.0,1.0,IMG_6156.MOV,00:29,1.0
1_P0004,1,west_sub,evanston,1,05:03,303.0,gt8s,IL Club,IL Club,6v6,nan,turnover,turnover,steal/interception,False,True,False,False,False,False,False,False,,,,,,,,,,,,,,,4,3,,,0.16666666666666666,0.3333333333333333,,,0.3333333333333333,nan,nan,right,,1.0,IMG_6157.MOV,00:48,1.0
1_P0005,1,west_sub,evanston,1,04:25,265.0,gt8s,IL Club,IL Club,6v6,nan,turnover,turnover,steal/interception,False,True,False,False,False,False,False,False,,,,,,,,,,,,,,,5,4,,,0.14285714285714285,0.3333333333333333,,,0.3333333333333333,nan,nan,right,,1.0,IMG_6159.MOV,00:03,1.0
1_P0006,1,west_sub,evanston,1,03:33,213.0,gt8s,IL Club,IL Club,6v6,perimeter,shot,goal,goal,True,False,False,False,False,False,False,False,1.0,def1,1.0,right,0.7,0.2,5.0,53.13,53.13,265.65000000000003,5-8,45-90,5-8|MU0,5-8|def1,6,5,3.0,2.0,0.5,0.5,3.0,2.0,0.5,standard,goal,right,4.0,9.0,IMG_6162.MOV,00:31,1.0
1_P0007,1,west_sub,evanston,1,02:55,175.0,gt8s,IL Club,IL Club,6v6,perimeter,shot,shot_no_goal,blocked (GK),True,False,False,False,False,False,False,False,1.0,def1,0.5,right,0.7,0.2666666667,5.657,45.0,45.0,254.565,5-8,45-90,5-8|MU0,5-8|def1,7,6,4.0,3.0,0.5555555555555556,0.5714285714285714,3.0,2.0,0.5,standard,blocked (GK),right,4.0,6.0,IMG_6164.MOV,00:17,1.0
1_P0008,1,west_sub,evanston,1,02:44,164.0,gt8s,IL Club,IL Club,6v6,perimeter,shot,shot_no_goal,post/bar,True,False,False,False,False,False,False,False,1.0,def1,0.5,right,0.75,0.4,7.81,39.81,39.81,310.91610000000003,5-8,30-45,5-8|MU0,5-8|def1,8,7,5.0,3.0,0.6,0.5,3.0,1.0,0.3333333333333333,lob,post/bar,right,4.0,2.0,IMG_6165.MOV,00:11,1.0
1_P0009,1,west_sub,evanston,1,02:27,147.0,gt8s,IL Club,IL Club,6v6,perimeter,shot,shot_no_goal,missed,True,False,False,False,False,False,False,False,1.0,def1,1.0,center,0.4,0.4666666667,7.28,-15.95,15.95,116.116,5-8,15-30,5-8|MU0,5-8|def1,9,8,6.0,3.0,0.6363636363636364,0.4444444444444444,3.0,1.0,0.3333333333333333,standard,missed,right,5.0,3.0,IMG_6166.MOV,00:16,1.0
1_P0010,1,west_sub,evanston,1,02:01,121.0,gt8s,IL Club,IL Club,6v6,nan,turnover,turnover,bad pass / out of bounds,False,True,False,False,False,False,False,False,,,,,,,,,,,,,,,10,9,,,0.08333333333333333,0.3333333333333333,,,0.3333333333333333,nan,nan,right,,1.0,IMG_6167.MOV,00:21,1.0
1_P0011,1,west_sub,evanston,1,01:08,68.0,gt8s,IL Club,IL Club,6v6,broken play,shot,goal,goal,True,False,False,False,False,False,False,False,0.0,def0,1.0,right,0.55,0.2,3.162,18.43,18.43,58.275659999999995,0-5,15-30,0-5|MU0,0-5|def0,11,10,7.0,3.0,0.6153846153846154,0.4,3.0,0.0,0.16666666666666666,standard,goal,right,4.0,5.0,IMG_6169.MOV,00:24,1.0
1_P0012,1,west_sub,evanston,1,00:38,38.0,gt8s,IL Club,IL Club,6v6,broken play,shot,goal,goal,True,False,False,False,False,False,False,False,2.0,def2p,0.0,right,0.45,0.06666666667,1.414,-45.0,45.0,63.629999999999995,0-5,45-90,0-5|MU0,0-5|def2p,12,11,8.0,4.0,0.6428571428571429,0.45454545454545453,3.0,1.0,0.3333333333333333,tip/deflection,goal,right,3.0,4.0,IMG_6171.MOV,00:17,1.0
1_P0013,1,west_sub,evanston,2,06:35,395.0,gt8s,IL Club,IL Club,6v6,perimeter,shot,shot_no_goal,missed,True,False,False,False,False,False,False,False,2.0,def2p,0.5,right,0.85,0.2,7.616,66.8,66.8,508.74879999999996,5-8,45-90,5-8|MU0,5-8|def2p,13,12,9.0,5.0,0.6666666666666666,0.5,3.0,2.0,0.5,lob,missed,right,7.0,6.0,IMG_6173.MOV,00:34,1.0
1_P0014,1,west_sub,evanston,2,05:54,354.0,gt8s,IL Club,IL Club,6v6,perimeter,shot,shot_no_goal,missed,True,False,False,False,False,False,False,False,1.0,def1,0.5,right,0.8,0.2,6.708,63.43,63.43,425.48844,5-8,45-90,5-8|MU0,5-8|def1,14,13,10.0,5.0,0.6875,0.46153846153846156,3.0,2.0,0.5,standard,missed,right,7.0,2.0,IMG_6175.MOV,00:16,1.0
1_P0015,1,west_sub,evanston,2,05:28,328.0,gt8s,IL Club,IL Club,6v6,set,shot,shot_no_goal,missed,True,False,False,False,False,False,False,False,3.0,def2p,1.0,left,0.4,0.2666666667,4.472,-26.57,26.57,118.82104000000001,0-5,15-30,0-5|MU0,0-5|def2p,15,14,11.0,5.0,0.7058823529411765,0.42857142857142855,3.0,1.0,0.3333333333333333,standard,missed,right,3.0,3.0,IMG_6177.MOV,00:13,1.0
1_P0016,1,west_sub,evanston,2,04:48,288.0,gt8s,IL Club,IL Club,6v6,perimeter,shot,shot_no_goal,blocked (GK),True,False,False,False,False,False,False,False,1.0,def1,1.0,center,0.6,0.3333333333,5.385,21.8,21.8,117.393,5-8,15-30,5-8|MU0,5-8|def1,16,15,12.0,5.0,0.7222222222222222,0.4,3.0,0.0,0.16666666666666666,standard,blocked (GK),right,4.0,3.0,IMG_6179.MOV,00:10,1.0
1_P0017,1,west_sub,evanston,2,03:59,239.0,gt8s,IL Club,IL Club,6v6,set,shot,goal,goal,True,False,False,False,False,False,False,False,2.0,def2p,1.0,center,0.5,0.1333333333,2.0,0.0,0.0,0.0,0-5,0-15,0-5|MU0,0-5|def2p,17,16,13.0,5.0,0.7368421052631579,0.375,3.0,0.0,0.16666666666666666,standard,goal,right,3.0,4.0,IMG_6181.MOV,00:20,1.0
1_P0018,1,west_sub,evanston,2,03:06,186.0,gt8s,IL Club,IL Club,6v6,perimeter,shot,goal,goal,True,False,False,False,False,False,False,False,1.0,def1,1.0,left,0.2,0.2666666667,7.211,-56.31,56.31,406.05141000000003,5-8,45-90,5-8|MU0,5-8|def1,18,17,14.0,6.0,0.75,0.4117647058823529,3.0,1.0,0.3333333333333333,skip,goal,right,12.0,4.0,IMG_6183.MOV,00:26,1.0
1_P0019,1,west_sub,evanston,2,02:28,148.0,gt8s,IL Club,IL Club,6v6,perimeter,shot,shot_no_goal,post/bar,True,False,False,False,False,False,False,False,2.0,def2p,1.0,left,0.35,0.3333333333,5.831,-30.96,30.96,180.52776000000003,5-8,30-45,5-8|MU0,5-8|def2p,19,18,15.0,7.0,0.7619047619047619,0.4444444444444444,3.0,2.0,0.5,skip,post/bar,right,14.0,3.0,IMG_6184.MOV,00:38,1.0
1_P0020,1,west_sub,evanston,2,01:38,98.0,gt8s,IL Club,IL Club,6v6,perimeter,shot,shot_no_goal,blocked (GK),True,False,False,False,False,False,False,False,1.0,def1,0.5,left,0.25,0.2,5.831,-59.04,59.04,344.26224,5-8,45-90,5-8|MU0,5-8|def1,20,19,16.0,7.0,0.7727272727272727,0.42105263157894735,3.0,2.0,0.5,standard,blocked (GK),right,12.0,2.0,IMG_6186.MOV,00:41,1.0
1_P0021,1,west_sub,evanston,3,06:21,381.0,gt8s,IL Club,IL Club,6v6,perimeter,shot,shot_no_goal,field block,True,False,False,False,False,False,False,False,1.0,def1,1.0,right,0.8,0.4,8.485,45.0,45.0,381.825,8-10,45-90,8-10|MU0,8-10|def1,21,20,17.0,7.0,0.782608695652174,0.4,3.0,1.0,0.3333333333333333,standard,field block,right,4.0,3.0,IMG_6189.MOV,00:10,1.0
1_P0022,1,west_sub,evanston,3,05:35,335.0,gt8s,IL Club,IL Club,6v6,perimeter,shot,goal,goal,True,False,False,False,False,False,False,False,2.0,def2p,1.0,right,0.7,0.2666666667,5.657,45.0,45.0,254.565,5-8,45-90,5-8|MU0,5-8|def2p,22,21,18.0,7.0,0.7916666666666666,0.38095238095238093,3.0,0.0,0.16666666666666666,lob,goal,right,4.0,1.0,IMG_6190.MOV,00:15,1.0
1_P0023,1,west_sub,evanston,3,04:21,261.0,gt8s,IL Club,IL Club,6v6,perimeter,shot,shot_no_goal,blocked (GK),True,False,False,False,False,False,False,False,1.0,def1,1.5,center,0.55,0.4,6.083,9.46,9.46,57.54518000000001,5-8,0-15,5-8|MU0,5-8|def1,23,22,19.0,8.0,0.8,0.4090909090909091,3.0,1.0,0.3333333333333333,standard,blocked (GK),right,7.0,2.0,IMG_6194.MOV,00:09,1.0
1_P0024,1,west_sub,evanston,3,03:44,224.0,gt8s,IL Club,IL Club,6v6,counter,shot,shot_no_goal,post/bar,True,False,False,False,False,False,False,False,1.0,def1,1.0,left,0.35,0.2666666667,5.0,-36.87,36.87,184.35,5-8,30-45,5-8|MU0,5-8|def1,24,23,20.0,8.0,0.8076923076923077,0.391304347826087,3.0,1.0,0.3333333333333333,skip,post/bar,right,12.0,0.0,IMG_6196.MOV,00:06,1.0
1_P0025,1,west_sub,evanston,3,03:08,188.0,gt8s,IL Club,IL Club,6v6,counter,shot,goal,goal,True,False,False,False,False,False,False,False,1.0,def1,1.5,left,0.4,0.1333333333,2.828,-45.0,45.0,127.25999999999999,0-5,45-90,0-5|MU0,0-5|def1,25,24,21.0,8.0,0.8148148148148148,0.375,3.0,1.0,0.3333333333333333,skip,goal,right,3.0,1.0,IMG_6197.MOV,00:27,1.0
1_P0026,1,west_sub,evanston,4,06:31,391.0,gt8s,IL Club,IL Club,6v6,counter,shot,goal,goal,True,False,False,False,False,False,False,False,1.0,def1,1.5,right,0.55,0.2,3.162,18.43,18.43,58.275659999999995,0-5,15-30,0-5|MU0,0-5|def1,26,25,22.0,9.0,0.8214285714285714,0.4,3.0,1.0,0.3333333333333333,lob,goal,right,3.0,1.0,IMG_6200.MOV,00:05,1.0
1_P0027,1,west_sub,evanston,4,05:53,353.0,gt8s,IL Club,IL Club,6v6,set,shot,goal,goal,True,False,False,False,False,False,False,False,2.0,def2p,1.0,left,0.45,0.1333333333,2.236,-26.57,26.57,59.410520000000005,0-5,15-30,0-5|MU0,0-5|def2p,27,26,23.0,10.0,0.8275862068965517,0.4230769230769231,3.0,2.0,0.5,standard,goal,right,3.0,5.0,IMG_6202.MOV,00:15,1.0
1_P0028,1,west_sub,evanston,4,05:24,324.0,gt8s,IL Club,IL Club,6v6,perimeter,shot,shot_no_goal,missed,True,False,False,False,False,False,False,False,1.0,def1,0.5,left,0.3,0.1333333333,4.472,-63.43,63.43,283.65896000000004,0-5,45-90,0-5|MU0,0-5|def1,28,27,24.0,11.0,0.8333333333333334,0.4444444444444444,3.0,3.0,0.6666666666666666,skip,missed,right,6.0,2.0,IMG_6204.MOV,00:23,1.0
1_P0029,1,west_sub,evanston,4,04:28,268.0,gt8s,IL Club,IL Club,6v6,counter,shot,goal,goal,True,False,False,False,False,False,False,False,0.0,def0,1.0,center,0.55,0.1333333333,2.236,26.57,26.57,59.410520000000005,0-5,15-30,0-5|MU0,0-5|def0,29,28,25.0,11.0,0.8387096774193549,0.42857142857142855,3.0,2.0,0.5,standard,goal,right,4.0,1.0,IMG_6207.MOV,00:10,1.0
10_P0001,10,carlsbad,ca_3,,nan,,,CA Club,CA Club,6v5,man-up,shot,shot_no_goal,post/bar,True,False,False,False,True,False,False,False,1.0,def1,0.5,right,0.650000,0.266667,5.0,36.87,36.87,184.35,5-8,30-45,5-8|MU1,5-8|def1,1,0,0.0,0.0,0.3333333333333333,0.3333333333333333,0.0,0.0,0.3333333333333333,standard,post/bar,right,19.0,7.0,IMG_5045.MOV,00:16,0.7
10_P0002,10,carlsbad,ca_3,,nan,,,CA Club,CA Club,6v5,man-up,shot,goal,goal,True,False,False,False,True,False,False,False,1.0,def1,0.5,center,0.500000,0.400000,6.0,0.0,0.0,0.0,5-8,0-15,5-8|MU1,5-8|def1,2,1,1.0,0.0,0.5,0.25,1.0,0.0,0.25,standard,goal,right,5.0,3.0,IMG_5045.MOV,00:27,0.7
10_P0003,10,carlsbad,ca_3,,nan,,,CA Club,CA Club,6v6,perimeter,shot,goal,goal,True,False,False,False,False,False,False,False,1.0,def1,1.5,right,0.650000,0.400000,6.708,26.57,26.57,178.23156,5-8,15-30,5-8|MU0,5-8|def1,3,2,2.0,1.0,0.6,0.4,2.0,1.0,0.4,lob,goal,right,11.0,3.0,IMG_5047.MOV,00:11,0.7
10_P0004,10,carlsbad,ca_3,,nan,,,CA Club,CA Club,6v6,counter,shot,goal,goal,True,False,False,False,False,False,False,False,0.0,def0,1.5,center,0.500000,0.266667,4.0,0.0,0.0,0.0,0-5,0-15,0-5|MU0,0-5|def0,4,3,3.0,2.0,0.6666666666666666,0.5,3.0,2.0,0.5,standard,goal,right,10.0,0.0,IMG_5053.MOV,00:04,0.7
10_P0005,10,carlsbad,ca_3,,nan,,,CA Club,CA Club,6v6,counter,shot,goal,goal,True,False,False,False,False,False,False,False,0.0,def0,2.0,center,0.500000,0.200000,3.0,0.0,0.0,0.0,0-5,0-15,0-5|MU0,0-5|def0,5,4,4.0,3.0,0.7142857142857143,0.5714285714285714,3.0,3.0,0.6666666666666666,standard,goal,right,11.0,1.0,IMG_5056.MOV,00:21,0.7
10_P0006,10,carlsbad,ca_3,,nan,,,CA Club,CA Club,6v6,counter,shot,shot_no_goal,blocked (GK),True,False,False,False,False,False,False,False,0.0,def0,2.0,left,0.450000,0.266667,4.123,-14.04,14.04,57.886919999999996,0-5,0-15,0-5|MU0,0-5|def0,6,5,5.0,4.0,0.75,0.625,3.0,3.0,0.6666666666666666,standard,blocked (GK),right,11.0,0.0,IMG_5057.MOV,00:23,0.7
10_P0007,10,carlsbad,ca_3,,nan,,,CA Club,CA Club,6v6,perimeter,shot,goal,goal,True,False,False,False,False,False,False,False,1.0,def1,0.5,center,0.500000,0.400000,6.0,0.0,0.0,0.0,5-8,0-15,5-8|MU0,5-8|def1,7,6,6.0,4.0,0.7777777777777778,0.5555555555555556,3.0,2.0,0.5,standard,goal,right,8.0,5.0,IMG_5059.MOV,00:33,0.7
10_P0008,10,carlsbad,ca_3,,nan,,,CA Club,CA Club,6v6,counter,shot,goal,goal,True,False,False,False,False,False,False,False,0.0,def0,0.5,center,0.350000,0.200000,4.243,-45.0,45.0,190.935,0-5,45-90,0-5|MU0,0-5|def0,8,7,7.0,5.0,0.8,0.6,3.0,2.0,0.5,standard,goal,right,11.0,1.0,IMG_5060.MOV,00:32,0.7
10_P0009,10,carlsbad,ca_3,,nan,,,CA Club,CA Club,6v5,man-up,shot,shot_no_goal,post/bar,True,False,False,False,True,False,False,False,1.0,def1,0.5,right,0.750000,0.133333,5.385,68.2,68.2,367.257,5-8,45-90,5-8|MU1,5-8|def1,9,8,8.0,6.0,0.8181818181818182,0.6363636363636364,3.0,2.0,0.5,standard,post/bar,right,5.0,8.0,IMG_5063.MOV,00:34,0.7
10_P0010,10,carlsbad,ca_3,,nan,,,CA Club,CA Club,6v5,man-up,shot,goal,goal,True,False,False,False,True,False,False,False,2.0,def2p,0.5,left,0.650000,0.266667,5.0,36.87,36.87,184.35,5-8,30-45,5-8|MU1,5-8|def2p,10,9,9.0,6.0,0.8333333333333334,0.5833333333333334,3.0,2.0,0.5,skip,goal,right,10.0,2.0,IMG_5063.MOV,00:39,0.7
10_P0011,10,carlsbad,ca_3,,nan,,,CA Club,CA Club,6v6,perimeter,shot,shot_no_goal,post/bar,True,False,False,False,False,False,False,False,1.0,def1,0.5,left,0.300000,0.133333,4.472,-63.44,63.44,283.70368,0-5,45-90,0-5|MU0,0-5|def1,11,10,10.0,7.0,0.8461538461538461,0.6153846153846154,3.0,2.0,0.5,standard,post/bar,right,9.0,5.0,IMG_5065.MOV,00:31,0.7
10_P0012,10,carlsbad,ca_3,,nan,,,CA Club,CA Club,6v6,5m penalty,shot,shot_no_goal,blocked (GK),True,False,False,False,False,False,False,False,0.0,def0,0.0,center,0.500000,0.333333,5.0,0.0,0.0,0.0,5-8,0-15,5-8|MU0,5-8|def0,12,11,11.0,7.0,0.8571428571428571,0.5714285714285714,3.0,1.0,0.3333333333333333,skip,blocked (GK),right,8.0,0.0,IMG_5066.MOV,00:01,0.7
10_P0013,10,carlsbad,ca_3,,nan,,,CA Club,CA Club,6v6,broken play,shot,goal,goal,True,False,False,False,False,False,False,False,1.0,def1,0.5,left,0.450000,0.266667,4.123,-14.04,14.04,57.886919999999996,0-5,0-15,0-5|MU0,0-5|def1,13,12,12.0,7.0,0.8666666666666667,0.5333333333333333,3.0,1.0,0.3333333333333333,standard,goal,right,10.0,2.0,IMG_5069.MOV,00:15,0.7
10_P0014,10,carlsbad,ca_3,,nan,,,CA Club,CA Club,6v6,perimeter,shot,goal,goal,True,False,False,False,False,False,False,False,1.0,def1,1.0,right,0.600000,0.400000,6.325,18.43,18.43,116.56975,5-8,15-30,5-8|MU0,5-8|def1,14,13,13.0,8.0,0.875,0.5625,3.0,1.0,0.3333333333333333,standard,goal,right,8.0,5.0,IMG_5071.MOV,00:27,0.7
10_P0015,10,carlsbad,ca_3,,nan,,,CA Club,CA Club,6v5,man-up,shot,shot_no_goal,missed,True,False,False,False,True,False,False,False,1.0,def1,1.0,center,0.500000,0.400000,6.0,0.0,0.0,0.0,5-8,0-15,5-8|MU1,5-8|def1,15,14,14.0,9.0,0.8823529411764706,0.5882352941176471,3.0,2.0,0.5,standard,missed,right,12.0,10.0,IMG_5074.MOV,00:56,0.7
10_P0016,10,carlsbad,ca_3,,nan,,,CA Club,CA Club,6v6,counter,shot,shot_no_goal,field block,True,False,False,False,False,False,False,False,1.0,def1,1.5,right,0.600000,0.200000,3.606,33.69,33.69,121.48613999999999,0-5,30-45,0-5|MU0,0-5|def1,16,15,15.0,9.0,0.8888888888888888,0.5555555555555556,3.0,2.0,0.5,lob,field block,right,9.0,1.0,IMG_5078.MOV,00:37,0.7
10_P0017,10,carlsbad,ca_3,,nan,,,CA Club,CA Club,6v6,broken play,shot,shot_no_goal,field block,True,False,False,False,False,False,False,False,1.0,def1,0.5,left,0.350000,0.266667,5.0,-36.87,36.87,184.35,5-8,30-45,5-8|MU0,5-8|def1,17,16,16.0,9.0,0.8947368421052632,0.5263157894736842,3.0,1.0,0.3333333333333333,standard,field block,right,11.0,6.0,IMG_5081.MOV,00:34,0.7
10_P0018,10,carlsbad,ca_3,,nan,,,CA Club,CA Club,6v6,counter,shot,goal,goal,True,False,False,False,False,False,False,False,1.0,def1,1.0,left,0.400000,0.133333,2.828,-45.0,45.0,127.25999999999999,0-5,45-90,0-5|MU0,0-5|def1,18,17,17.0,9.0,0.9,0.5,3.0,0.0,0.16666666666666666,standard,goal,right,5.0,1.0,IMG_5083.MOV,00:07,0.7
10_P0019,10,carlsbad,ca_3,,nan,,,CA Club,CA Club,6v6,5m penalty,shot,goal,goal,True,False,False,False,False,False,False,False,0.0,def0,1.0,center,0.500000,0.333333,5.0,0.0,0.0,0.0,5-8,0-15,5-8|MU0,5-8|def0,19,18,18.0,10.0,0.9047619047619048,0.5238095238095238,3.0,1.0,0.3333333333333333,standard,goal,right,11.0,0.0,IMG_5086.MOV,00:04,0.7
10_P0020,10,carlsbad,ca_3,,nan,,,CA Club,CA Club,6v6,broken play,shot,goal,goal,True,False,False,False,False,False,False,False,0.0,def0,0.5,right,0.600000,0.133333,2.828,45.0,45.0,127.25999999999999,0-5,45-90,0-5|MU0,0-5|def0,20,19,19.0,11.0,0.9090909090909091,0.5454545454545454,3.0,2.0,0.5,standard,goal,right,9.0,5.0,IMG_5088.MOV,00:33,0.7
10_P0021,10,carlsbad,ca_3,,nan,,,CA Club,CA Club,6v6,5m penalty,shot,goal,goal,True,False,False,False,False,False,False,False,0.0,def0,0.5,center,0.500000,0.333333,5.0,0.0,0.0,0.0,5-8,0-15,5-8|MU0,5-8|def0,21,20,20.0,12.0,0.9130434782608695,0.5652173913043478,3.0,3.0,0.6666666666666666,skip,goal,right,10.0,0.0,IMG_5091.MOV,00:02,0.7
10_P0022,10,carlsbad,ca_3,,nan,,,CA Club,CA Club,6v5,man-up,shot,goal,goal,True,False,False,False,True,False,False,False,0.0,def0,0.5,center,0.550000,0.266667,4.123,14.04,14.04,57.886919999999996,0-5,0-15,0-5|MU1,0-5|def0,22,21,21.0,13.0,0.9166666666666666,0.5833333333333334,3.0,3.0,0.6666666666666666,standard,goal,right,15.0,7.0,IMG_5094.MOV,00:18,0.7
10_P0023,10,carlsbad,ca_3,,nan,,,CA Club,CA Club,6v6,broken play,shot,shot_no_goal,blocked (GK),True,False,False,False,False,False,False,False,1.0,def1,0.5,left,0.550000,0.266667,4.123,14.04,14.04,57.886919999999996,0-5,0-15,0-5|MU0,0-5|def1,23,22,22.0,14.0,0.92,0.6,3.0,3.0,0.6666666666666666,lob,blocked (GK),right,11.0,0.0,IMG_5100.MOV,00:11,0.7
10_P0024,10,carlsbad,ca_3,,nan,,,CA Club,CA Club,6v6,5m penalty,shot,shot_no_goal,blocked (GK),True,False,False,False,False,False,False,False,0.0,def0,0.5,center,0.500000,0.333333,5.0,0.0,0.0,0.0,5-8,0-15,5-8|MU0,5-8|def0,24,23,23.0,14.0,0.9230769230769231,0.5769230769230769,3.0,2.0,0.5,skip,blocked (GK),right,10.0,0.0,IMG_5103.MOV,00:01,0.7
10_P0025,10,carlsbad,ca_3,,nan,,,CA Club,CA Club,6v6,perimeter,shot,shot_no_goal,post/bar,True,False,False,False,False,False,False,False,1.0,def1,0.5,right,0.700000,0.066667,4.123,75.96,75.96,313.18308,0-5,45-90,0-5|MU0,0-5|def1,25,24,24.0,14.0,0.9259259259259259,0.5555555555555556,3.0,1.0,0.3333333333333333,standard,post/bar,right,12.0,3.0,IMG_5107.MOV,00:20,0.7
10_P0026,10,carlsbad,ca_3,,nan,,,CA Club,CA Club,6v6,counter,shot,goal,goal,True,False,False,False,False,False,False,False,2.0,def2p,0.5,left,0.550000,0.200000,3.162,18.43,18.43,58.275659999999995,0-5,15-30,0-5|MU0,0-5|def2p,26,25,25.0,14.0,0.9285714285714286,0.5357142857142857,3.0,0.0,0.16666666666666666,standard,goal,right,9.0,1.0,IMG_5111.MOV,00:13,0.7
10_P0027,10,carlsbad,ca_3,,nan,,,CA Club,CA Club,6v6,perimeter,shot,goal,goal,True,False,False,False,False,False,False,False,1.0,def1,0.5,left,0.300000,0.200000,5.0,-53.13,53.13,265.65000000000003,5-8,45-90,5-8|MU0,5-8|def1,27,26,26.0,15.0,0.9310344827586207,0.5517241379310345,3.0,1.0,0.3333333333333333,standard,goal,right,12.0,3.0,IMG_5113.MOV,00:20,0.7
11_P0001,11,hinsdale_central,lindbergh,1,nan,,,IL HS,IL HS,6v6,counter,shot,goal,goal,True,False,False,False,False,False,False,False,0.0,def0,0.5,right,0.650000,0.133333,3.606,56.31,56.31,203.05386000000001,0-5,45-90,0-5|MU0,0-5|def0,1,0,0.0,0.0,0.3333333333333333,0.3333333333333333,0.0,0.0,0.3333333333333333,standard,goal,right,9.0,0.0,IMG_2070.MOV,00:05,0.7
11_P0002,11,hinsdale_central,lindbergh,,nan,,,IL HS,IL HS,6v6,perimeter,shot,goal,goal,True,False,False,False,False,False,False,False,1.0,def1,0.5,left,0.300000,0.266667,5.657,-45.0,45.0,254.565,5-8,45-90,5-8|MU0,5-8|def1,2,1,1.0,1.0,0.5,0.5,1.0,1.0,0.5,lob,goal,right,20.0,2.0,IMG_2071.MOV,00:39,0.7
11_P0003,11,hinsdale_central,lindbergh,,nan,,,IL HS,IL HS,6v6,perimeter,shot,shot_no_goal,missed,True,False,False,False,False,False,False,False,1.0,def1,0.5,right,0.800000,0.400000,8.485,45.0,45.0,381.825,8-10,45-90,8-10|MU0,8-10|def1,3,2,2.0,2.0,0.6,0.6,2.0,2.0,0.6,standard,missed,right,10.0,3.0,IMG_2073.MOV,00:20,0.7
11_P0004,11,hinsdale_central,lindbergh,,nan,,,IL HS,IL HS,6v6,perimeter,shot,shot_no_goal,missed,True,False,False,False,False,False,False,False,1.0,def1,0.5,right,0.750000,0.333333,7.071,45.0,45.0,318.195,5-8,45-90,5-8|MU0,5-8|def1,4,3,3.0,2.0,0.6666666666666666,0.5,3.0,2.0,0.5,standard,missed,right,13.0,4.0,IMG_2077.MOV,00:39,0.7
11_P0005,11,hinsdale_central,lindbergh,,nan,,,IL HS,IL HS,6v5,man-up,shot,goal,goal,True,False,False,False,True,False,False,False,1.0,def1,0.0,left,0.400000,0.133333,2.828,-45.0,45.0,127.25999999999999,0-5,45-90,0-5|MU1,0-5|def1,5,4,4.0,2.0,0.7142857142857143,0.42857142857142855,3.0,1.0,0.3333333333333333,standard,goal,right,9.0,2.0,IMG_2078.MOV,00:42,0.7
11_P0006,11,hinsdale_central,lindbergh,,nan,,,IL HS,IL HS,6v6,set,shot,goal,goal,True,False,False,False,False,False,False,False,3.0,def2p,0.0,right,0.550000,0.200000,3.162,18.43,18.43,58.275659999999995,0-5,15-30,0-5|MU0,0-5|def2p,6,5,5.0,3.0,0.75,0.5,3.0,1.0,0.3333333333333333,standard,goal,right,9.0,6.0,IMG_2081.MOV,00:28,0.7
11_P0007,11,hinsdale_central,lindbergh,,nan,,,IL HS,IL HS,6v5,man-up,shot,shot_no_goal,missed,True,False,False,False,True,False,False,False,1.0,def1,0.0,right,0.800000,0.266667,7.211,56.31,56.31,406.05141000000003,5-8,45-90,5-8|MU1,5-8|def1,7,6,6.0,4.0,0.7777777777777778,0.5555555555555556,3.0,2.0,0.5,standard,missed,right,10.0,2.0,IMG_2084.MOV,00:39,0.7
11_P0008,11,hinsdale_central,lindbergh,,nan,,,IL HS,IL HS,6v6,perimeter,shot,shot_no_goal,post/bar,True,False,False,False,False,False,False,False,1.0,def1,0.5,left,0.250000,0.133333,5.385,-68.2,68.2,367.257,5-8,45-90,5-8|MU0,5-8|def1,8,7,7.0,4.0,0.8,0.5,3.0,2.0,0.5,standard,post/bar,right,20.0,3.0,IMG_2088.MOV,00:17,0.7
11_P0009,11,hinsdale_central,lindbergh,,nan,,,IL HS,IL HS,6v6,perimeter,shot,goal,goal,True,False,False,False,False,False,False,False,1.0,def1,0.5,center,0.500000,0.466667,7.0,0.0,0.0,0.0,5-8,0-15,5-8|MU0,5-8|def1,9,8,8.0,4.0,0.8181818181818182,0.45454545454545453,3.0,1.0,0.3333333333333333,standard,goal,right,2.0,5.0,IMG_2093.MOV,00:17,0.7
11_P0010,11,hinsdale_central,lindbergh,,nan,,,IL HS,IL HS,6v5,man-up,shot,shot_no_goal,missed,True,False,False,False,True,False,False,False,1.0,def1,0.5,left,0.350000,0.400000,6.708,-26.57,26.57,178.23156,5-8,15-30,5-8|MU1,5-8|def1,10,9,9.0,5.0,0.8333333333333334,0.5,3.0,1.0,0.3333333333333333,standard,missed,right,20.0,5.0,IMG_2096.MOV,01:08,0.7
11_P0011,11,hinsdale_central,lindbergh,,nan,,,IL HS,IL HS,6v5,man-up,shot,goal,goal,True,False,False,False,True,False,False,False,1.0,def1,0.5,right,0.700000,0.133333,4.472,63.44,63.44,283.70368,0-5,45-90,0-5|MU1,0-5|def1,11,10,10.0,5.0,0.8461538461538461,0.46153846153846156,3.0,1.0,0.3333333333333333,standard,goal,right,9.0,4.0,IMG_2098.MOV,00:39,0.7
11_P0012,11,hinsdale_central,lindbergh,4,nan,,,IL HS,IL HS,6v6,perimeter,shot,goal,goal,True,False,False,False,False,False,True,True,1.0,def1,0.5,center,1.000000,0.800000,15.62,39.81,39.81,621.8322000000001,10+,30-45,10+|MU0,10+|def1,12,11,11.0,6.0,0.8571428571428571,0.5,3.0,2.0,0.5,standard,goal,right,10.0,2.0,IMG_2102.MOV,00:09,0.7
12_P0001,12,west_sub,capc,,nan,,,IL Club,IL Club,6v6,perimeter,shot,goal,goal,True,False,False,False,False,False,True,True,1.0,def1,1.5,center,1,0.733,14.862,42.29,42.29,628.51398,10+,30-45,10+|MU0,10+|def1,1,0,0.0,0.0,0.3333333333333333,0.3333333333333333,0.0,0.0,0.3333333333333333,standard,goal,right,4.0,2.0,IMG_6444.MOV,00:18,1.0
12_P0002,12,west_sub,capc,,nan,,,IL Club,IL Club,6v6,perimeter,shot,goal,goal,True,False,False,False,False,False,True,True,1.0,def1,1.5,left,0.250,0.733,12.078,-24.45,24.45,295.3071,10+,15-30,10+|MU0,10+|def1,2,1,1.0,1.0,0.5,0.5,1.0,1.0,0.5,skip,goal,right,7.0,1.0,IMG_6421.MOV,00:28,1.0
12_P0003,12,west_sub,capc,,nan,,,IL Club,IL Club,6v6,perimeter,shot,shot_no_goal,post/bar,True,False,False,False,False,False,True,True,1.0,def1,1.0,center,0.500,0.667,10.005,0.0,0.0,0.0,10+,0-15,10+|MU0,10+|def1,3,2,2.0,2.0,0.6,0.6,2.0,2.0,0.6,standard,post/bar,right,6.0,2.0,IMG_6471.MOV,00:34,1.0
12_P0004,12,west_sub,capc,,nan,,,IL Club,IL Club,6v6,perimeter,shot,shot_no_goal,blocked (GK),True,False,False,False,False,False,False,False,1.0,def1,1.0,left,0.200,0.267,7.214,-56.28,56.28,406.00392000000005,5-8,45-90,5-8|MU0,5-8|def1,4,3,3.0,2.0,0.6666666666666666,0.5,3.0,2.0,0.5,standard,blocked (GK),left,8.0,0.0,IMG_6462.MOV,00:15,1.0
13_P0001,13,west_sub,cpd,,nan,,,IL Club,IL Club,6v6,perimeter,shot,shot_no_goal,blocked (GK),True,False,False,False,False,False,True,True,1.0,def1,0.5,center,0.500,1.000,15.0,0.0,0.0,0.0,10+,0-15,10+|MU0,10+|def1,1,0,0.0,0.0,0.3333333333333333,0.3333333333333333,0.0,0.0,0.3333333333333333,standard,blocked (GK),right,3.0,0.0,IMG_6394.MOV,00:04,1.0
13_P0002,13,west_sub,cpd,,nan,,,IL Club,IL Club,6v6,perimeter,shot,goal,goal,True,False,False,False,False,False,True,True,1.0,def1,0.5,center,0.500,0.667,10.005,0.0,0.0,0.0,10+,0-15,10+|MU0,10+|def1,2,1,1.0,0.0,0.5,0.25,1.0,0.0,0.25,standard,goal,right,3.0,0.0,IMG_6391.MOV,00:18,1.0
14_P0001,14,west_sub,nipc,,nan,,,IL Club,IL Club,6v6,perimeter,shot,goal,goal,True,False,False,False,False,False,False,False,1.0,def1,1.0,center,0.800,0.133,6.323,71.61,71.61,452.79003,5-8,45-90,5-8|MU0,5-8|def1,1,0,0.0,0.0,0.3333333333333333,0.3333333333333333,0.0,0.0,0.3333333333333333,skip,goal,right,7.0,5.0,IMG_0077.MOV,00:21,1.0
15_P0001,15,west_sub,elmhurst,,nan,,,IL Club,IL Club,6v5,man-up,shot,shot_no_goal,field block,True,False,False,False,True,False,False,False,0.0,def0,0.5,center,0.800,0.200,6.708,63.43,63.43,425.48844,5-8,45-90,5-8|MU1,5-8|def0,1,0,0.0,0.0,0.3333333333333333,0.3333333333333333,0.0,0.0,0.3333333333333333,standard,field block,right,7.0,8.0,IMG_0131.MOV,00:37,1.0
15_P0002,15,west_sub,elmhurst,,nan,,,IL Club,IL Club,6v6,perimeter,shot,goal,goal,True,False,False,False,False,False,False,False,1.0,def1,0.5,left,0.300,0.133,4.47,-63.49,63.49,283.8003,0-5,45-90,0-5|MU0,0-5|def1,2,1,1.0,0.0,0.5,0.25,1.0,0.0,0.25,skip,goal,right,10.0,5.0,IMG_0135.MOV,00:13,1.0
2_P0001,2,west_sub,nwc,1,06:04,364.0,gt8s,IL Club,IL Club,6v6,counter,shot,goal,goal,True,False,False,False,False,False,False,False,1.0,def1,1.0,right,0.65,0.4666666667,7.616,23.2,23.2,176.69119999999998,5-8,15-30,5-8|MU0,5-8|def1,1,0,0.0,0.0,0.3333333333333333,0.3333333333333333,0.0,0.0,0.3333333333333333,standard,goal,right,7.0,0.0,IMG_6117.MOV,00:07,1.0
2_P0002,2,west_sub,nwc,1,06:33,393.0,gt8s,IL Club,IL Club,6v6,counter,shot,goal,goal,True,False,False,False,False,False,False,False,1.0,def1,2.0,center,0.5,0.3333333333,5.0,0.0,0.0,0.0,5-8,0-15,5-8|MU0,5-8|def1,2,1,1.0,1.0,0.5,0.5,1.0,1.0,0.5,lob,goal,right,3.0,1.0,IMG_6115.MOV,00:06,1.0
2_P0003,2,west_sub,nwc,1,05:29,329.0,gt8s,IL Club,IL Club,6v6,counter,shot,shot_no_goal,missed,True,False,False,False,False,False,False,False,0.0,def0,1.0,center,0.55,0.4,6.083,9.46,9.46,57.54518000000001,5-8,0-15,5-8|MU0,5-8|def0,3,2,2.0,2.0,0.6,0.6,2.0,2.0,0.6,skip,missed,right,3.0,1.0,IMG_6119.MOV,00:08,1.0
2_P0004,2,west_sub,nwc,1,04:33,273.0,gt8s,IL Club,IL Club,6v6,counter,shot,goal,goal,True,False,False,False,False,False,False,False,1.0,def1,1.5,center,0.55,0.2,3.162,18.43,18.43,58.275659999999995,0-5,15-30,0-5|MU0,0-5|def1,4,3,3.0,2.0,0.6666666666666666,0.5,3.0,2.0,0.5,lob,goal,right,4.0,1.0,IMG_6123.MOV,00:05,1.0
2_P0005,2,west_sub,nwc,1,03:29,209.0,gt8s,IL Club,IL Club,6v6,perimeter,shot,shot_no_goal,blocked (GK),True,False,False,False,False,False,False,False,0.0,def0,0.5,center,0.5,0.4,6.0,0.0,0.0,0.0,5-8,0-15,5-8|MU0,5-8|def0,5,4,4.0,3.0,0.7142857142857143,0.5714285714285714,3.0,2.0,0.5,standard,blocked (GK),right,4.0,11.0,IMG_6125.MOV,00:43,1.0
2_P0006,2,west_sub,nwc,1,02:50,170.0,gt8s,IL Club,IL Club,6v6,counter,shot,goal,goal,True,False,False,False,False,False,False,False,0.0,def0,2.0,right,0.6,0.2,3.606,33.69,33.69,121.48613999999999,0-5,30-45,0-5|MU0,0-5|def0,6,5,5.0,3.0,0.75,0.5,3.0,1.0,0.3333333333333333,lob,goal,right,7.0,0.0,IMG_6127.MOV,00:06,1.0
2_P0007,2,west_sub,nwc,2,06:43,403.0,gt8s,IL Club,IL Club,6v6,set,shot,shot_no_goal,blocked (GK),True,False,False,False,False,False,False,False,1.0,def1,0.5,right,0.65,0.2666666667,5.0,36.87,36.87,184.35,5-8,30-45,5-8|MU0,5-8|def1,7,6,6.0,4.0,0.7777777777777778,0.5555555555555556,3.0,2.0,0.5,skip,blocked (GK),right,6.0,5.0,IMG_6128.MOV,00:22,1.0
2_P0008,2,west_sub,nwc,2,06:36,396.0,gt8s,IL Club,IL Club,6v6,nan,turnover,turnover,ball under,False,True,False,False,False,False,False,False,,,,,,,,,,,,,,,8,7,,,0.1,0.3333333333333333,,,0.3333333333333333,nan,nan,right,,2.0,IMG_6128.MOV,0:11,1.0
2_P0009,2,west_sub,nwc,2,05:54,354.0,gt8s,IL Club,IL Club,6v6,counter,shot,goal,goal,True,False,False,False,False,False,False,False,1.0,def1,2.0,right,0.75,0.2,5.831,59.04,59.04,344.26224,5-8,45-90,5-8|MU0,5-8|def1,9,8,7.0,4.0,0.7272727272727273,0.5,3.0,1.0,0.3333333333333333,lob,goal,right,6.0,1.0,IMG_6130.MOV,00:35,1.0
2_P0010,2,west_sub,nwc,2,05:12,312.0,gt8s,IL Club,IL Club,6v6,counter,shot,goal,goal,True,False,False,False,False,False,False,False,0.0,def0,2.0,center,0.5,0.3333333333,5.0,0.0,0.0,0.0,5-8,0-15,5-8|MU0,5-8|def0,10,9,8.0,5.0,0.75,0.5454545454545454,3.0,2.0,0.5,lob,goal,right,3.0,1.0,IMG_6132.MOV,00:05,1.0
2_P0011,2,west_sub,nwc,2,04:33,273.0,gt8s,IL Club,IL Club,6v6,nan,turnover,turnover,steal/interception,False,True,False,False,False,False,False,False,,,,,,,,,,,,,,,11,10,,,0.07692307692307693,0.3333333333333333,,,0.3333333333333333,nan,nan,right,,1.0,IMG_6134.MOV,00:06,1.0
2_P0012,2,west_sub,nwc,2,03:45,225.0,gt8s,IL Club,IL Club,6v6,counter,shot,goal,goal,True,False,False,False,False,False,False,False,1.0,def1,1.5,right,0.55,0.1333333333,2.236,26.57,26.57,59.410520000000005,0-5,15-30,0-5|MU0,0-5|def1,12,11,9.0,6.0,0.7142857142857143,0.5833333333333334,3.0,2.0,0.5,standard,goal,right,7.0,1.0,IMG_6136.MOV,00:11,1.0
2_P0013,2,west_sub,nwc,3,06:35,395.0,gt8s,IL Club,IL Club,6v6,set,shot,shot_no_goal,missed,True,False,False,False,False,False,False,False,2.0,def2p,0.5,right,0.6,0.2,3.606,33.69,33.69,121.48613999999999,0-5,30-45,0-5|MU0,0-5|def2p,13,12,10.0,7.0,0.7333333333333333,0.6153846153846154,3.0,3.0,0.6666666666666666,standard,missed,right,7.0,4.0,IMG_6137.MOV,00:31,1.0
2_P0014,2,west_sub,nwc,3,05:46,346.0,gt8s,IL Club,IL Club,6v6,perimeter,shot,shot_no_goal,post/bar,True,False,False,False,False,False,False,False,1.0,def1,1.0,left,0.45,0.4666666667,7.071,-8.13,8.13,57.487230000000004,5-8,0-15,5-8|MU0,5-8|def1,14,13,11.0,7.0,0.75,0.5714285714285714,3.0,2.0,0.5,standard,post/bar,right,5.0,3.0,IMG_6139.MOV,00:21,1.0
2_P0015,2,west_sub,nwc,3,05:31,331.0,gt8s,IL Club,IL Club,6v6,nan,turnover,turnover,ball under,False,True,False,False,False,False,False,False,,,,,,,,,,,,,,,15,14,,,0.058823529411764705,0.3333333333333333,,,0.3333333333333333,nan,nan,right,,2.0,IMG_6139.MOV,00:37,1.0
2_P0016,2,west_sub,nwc,3,04:53,293.0,gt8s,IL Club,IL Club,6v6,nan,turnover,turnover,offensive foul (contra),False,True,False,False,False,False,False,False,,,,,,,,,,,,,,,16,15,,,0.05555555555555555,0.3333333333333333,,,0.3333333333333333,nan,nan,right,,2.0,IMG_6140.MOV,00:12,1.0
2_P0017,2,west_sub,nwc,3,04:26,266.0,gt8s,IL Club,IL Club,6v6,counter,shot,goal,goal,True,False,False,False,False,False,False,False,1.0,def1,1.0,center,0.6,0.1333333333,2.828,45.0,45.0,127.25999999999999,0-5,45-90,0-5|MU0,0-5|def1,17,16,12.0,7.0,0.6842105263157895,0.5333333333333333,3.0,1.0,0.3333333333333333,standard,goal,right,4.0,1.0,IMG_6141.MOV,00:20,1.0
2_P0018,2,west_sub,nwc,3,03:53,233.0,gt8s,IL Club,IL Club,6v6,perimeter,shot,goal,goal,True,False,False,False,False,False,False,False,1.0,def1,1.0,right,0.6,0.1333333333,2.828,45.0,45.0,127.25999999999999,0-5,45-90,0-5|MU0,0-5|def1,18,17,13.0,8.0,0.7,0.5625,3.0,1.0,0.3333333333333333,standard,goal,right,7.0,4.0,IMG_6142.MOV,00:31,1.0
2_P0019,2,west_sub,nwc,4,06:49,409.0,gt8s,IL Club,IL Club,6v6,broken play,shot,shot_no_goal,post/bar,True,False,False,False,False,False,False,False,2.0,def2p,2.0,left,0.4,0.2,3.606,-33.69,33.69,121.48613999999999,0-5,30-45,0-5|MU0,0-5|def2p,19,18,14.0,9.0,0.7142857142857143,0.5882352941176471,3.0,2.0,0.5,lob,post/bar,right,12.0,3.0,IMG_6143.MOV,00:14,1.0
2_P0020,2,west_sub,nwc,4,06:12,372.0,gt8s,IL Club,IL Club,6v6,counter,shot,shot_no_goal,blocked (GK),True,False,False,False,False,False,False,False,1.0,def1,1.5,center,0.5,0.2,3.0,0.0,0.0,0.0,0-5,0-15,0-5|MU0,0-5|def1,20,19,15.0,9.0,0.7272727272727273,0.5555555555555556,3.0,2.0,0.5,standard,blocked (GK),right,3.0,3.0,IMG_6144.MOV,00:32,1.0
2_P0021,2,west_sub,nwc,4,06:06,366.0,gt8s,IL Club,IL Club,6v6,nan,turnover,turnover,bad pass / out of bounds,False,True,False,False,False,False,False,False,,,,,,,,,,,,,,,21,20,,,0.043478260869565216,0.3333333333333333,,,0.3333333333333333,nan,nan,right,,1.0,IMG_6145.MOV,00:09,1.0
2_P0022,2,west_sub,nwc,4,05:23,323.0,gt8s,IL Club,IL Club,6v6,counter,shot,goal,goal,True,False,False,False,False,False,False,False,0.0,def0,0.5,center,0.5,0.06666666667,1.0,0.0,0.0,0.0,0-5,0-15,0-5|MU0,0-5|def0,22,21,16.0,9.0,0.7083333333333334,0.5263157894736842,3.0,1.0,0.3333333333333333,standard,goal,right,5.0,1.0,IMG_6145.MOV,00:36,1.0
2_P0023,2,west_sub,nwc,4,04:46,286.0,gt8s,IL Club,IL Club,6v6,nan,turnover,turnover,steal/interception,False,True,False,False,False,False,False,False,,,,,,,,,,,,,,,23,22,,,0.04,0.3333333333333333,,,0.3333333333333333,nan,nan,right,,1.0,IMG_6149.MOV,00:11,1.0
2_P0024,2,west_sub,nwc,4,04:13,253.0,gt8s,IL Club,IL Club,6v6,counter,shot,goal,goal,True,False,False,False,False,False,False,False,0.0,def0,1.0,center,0.65,0.06666666667,3.162,71.57,71.57,226.30433999999997,0-5,45-90,0-5|MU0,0-5|def0,24,23,17.0,10.0,0.6923076923076923,0.55,3.0,1.0,0.3333333333333333,standard,goal,right,4.0,1.0,IMG_6150.MOV,00:24,1.0
3_P0001,3,west_sub,new_trier,1,06:46,406.0,gt8s,IL Club,IL Club,6v6,perimeter,shot,shot_no_goal,blocked (GK),True,False,False,False,False,False,False,False,1.0,def1,0.5,center,0.55,0.4666666667,7.071,8.13,8.13,57.487230000000004,5-8,0-15,5-8|MU0,5-8|def1,1,0,0.0,0.0,0.3333333333333333,0.3333333333333333,0.0,0.0,0.3333333333333333,standard,blocked (GK),right,4.0,4.0,IMG_0157.MOV,00:27,1.0
3_P0002,3,west_sub,new_trier,1,06:10,370.0,gt8s,IL Club,IL Club,6v6,counter,shot,goal,goal,True,False,False,False,False,False,False,False,1.0,def1,0.5,left,0.35,0.3333333333,5.831,-30.96,30.96,180.52776000000003,5-8,30-45,5-8|MU0,5-8|def1,2,1,1.0,0.0,0.5,0.25,1.0,0.0,0.25,standard,goal,right,6.0,0.0,IMG_0159.MOV,00:02,1.0
3_P0003,3,west_sub,new_trier,1,05:35,335.0,gt8s,IL Club,IL Club,6v6,nan,turnover,turnover,steal/interception,False,True,False,False,False,False,False,False,,,,,,,,,,,,,,,3,2,,,0.2,0.3333333333333333,,,0.3333333333333333,nan,nan,right,,1.0,IMG_0163.MOV,00:03,1.0
3_P0004,3,west_sub,new_trier,1,04:47,287.0,gt8s,IL Club,IL Club,6v6,perimeter,shot,goal,goal,True,False,False,False,False,False,False,False,1.0,def1,0.5,center,0.5,0.4,6.0,0.0,0.0,0.0,5-8,0-15,5-8|MU0,5-8|def1,4,3,2.0,1.0,0.5,0.4,2.0,1.0,0.4,standard,goal,right,4.0,4.0,IMG_0165.MOV,00:21,1.0
3_P0005,3,west_sub,new_trier,1,04:04,244.0,gt8s,IL Club,IL Club,6v6,set,shot,goal,goal,True,False,False,False,False,False,False,False,2.0,def2p,0.5,left,0.35,0.2,4.243,-45.0,45.0,190.935,0-5,45-90,0-5|MU0,0-5|def2p,5,4,3.0,2.0,0.5714285714285714,0.5,3.0,2.0,0.5,standard,goal,left,2.0,4.0,IMG_0168.MOV,00:17,1.0
3_P0006,3,west_sub,new_trier,2,06:13,373.0,gt8s,IL Club,IL Club,6v6,broken play,shot,shot_no_goal,missed,True,False,False,False,False,False,False,False,1.0,def1,1.0,center,0.55,0.2666666667,4.123,14.04,14.04,57.886919999999996,0-5,0-15,0-5|MU0,0-5|def1,6,5,4.0,3.0,0.625,0.5714285714285714,3.0,3.0,0.6666666666666666,tip/deflection,missed,right,5.0,3.0,IMG_0172.MOV,00:15,1.0
3_P0007,3,west_sub,new_trier,2,05:11,311.0,gt8s,IL Club,IL Club,6v6,perimeter,shot,shot_no_goal,field block,True,False,False,False,False,False,False,False,2.0,def2p,0.5,left,0.35,0.4,6.708,-26.57,26.57,178.23156,5-8,15-30,5-8|MU0,5-8|def2p,7,6,5.0,3.0,0.6666666666666666,0.5,3.0,2.0,0.5,standard,field block,right,6.0,1.0,IMG_0176.MOV,00:08,1.0
3_P0008,3,west_sub,new_trier,2,05:09,309.0,gt8s,IL Club,IL Club,6v6,5m penalty,shot,goal,goal,True,False,False,False,False,False,False,False,0.0,def0,0.0,center,0.5,0.3333333333,5.0,0.0,0.0,0.0,5-8,0-15,5-8|MU0,5-8|def0,8,7,6.0,3.0,0.7,0.4444444444444444,3.0,1.0,0.3333333333333333,standard,goal,right,6.0,0.0,IMG_0177.MOV,00:04,1.0
3_P0009,3,west_sub,new_trier,2,03:21,201.0,gt8s,IL Club,IL Club,6v6,perimeter,shot,goal,goal,True,False,False,False,False,False,False,False,1.0,def1,0.5,left,0.3,0.2,5.0,-53.13,53.13,265.65000000000003,5-8,45-90,5-8|MU0,5-8|def1,9,8,7.0,4.0,0.7272727272727273,0.5,3.0,1.0,0.3333333333333333,skip,goal,left,2.0,10.0,IMG_0179.MOV,00:32,1.0
3_P0010,3,west_sub,new_trier,3,06:36,396.0,gt8s,IL Club,IL Club,6v6,perimeter,shot,shot_no_goal,blocked (GK),True,False,False,False,False,False,False,False,1.0,def1,0.5,center,0.75,0.1333333333,5.385,68.2,68.2,367.257,5-8,45-90,5-8|MU0,5-8|def1,10,9,8.0,5.0,0.75,0.5454545454545454,3.0,2.0,0.5,standard,blocked (GK),right,7.0,6.0,IMG_0181.MOV,00:31,1.0
3_P0011,3,west_sub,new_trier,3,05:48,348.0,gt8s,IL Club,IL Club,6v6,perimeter,shot,shot_no_goal,blocked (GK),True,False,False,False,False,False,False,False,1.0,def1,0.5,right,0.75,0.2,5.831,59.04,59.04,344.26224,5-8,45-90,5-8|MU0,5-8|def1,11,10,9.0,5.0,0.7692307692307693,0.5,3.0,2.0,0.5,standard,blocked (GK),right,10.0,5.0,IMG_0183.MOV,00:30,1.0
3_P0012,3,west_sub,new_trier,3,04:45,285.0,gt8s,IL Club,IL Club,6v6,nan,ejection_drawn,ejection_drawn,ejection_drawn,False,False,True,False,False,False,False,False,,,,,,,,,,,,,,,12,11,,,0.07142857142857142,0.3333333333333333,,,0.3333333333333333,nan,nan,,,,IMG_0185.MOV,00:23,1.0
3_P0013,3,west_sub,new_trier,3,04:25,265.0,gt8s,IL Club,IL Club,6v5,man-up,ejection_drawn,ejection_drawn,ejection_drawn,False,False,True,False,True,False,False,False,,,,,,,,,,,,,,,13,12,,,0.06666666666666667,0.3333333333333333,,,0.3333333333333333,nan,nan,,,,IMG_0185.MOV,00:43,1.0
3_P0014,3,west_sub,new_trier,3,04:24,264.0,gt8s,IL Club,IL Club,6v4,man-up,shot,goal,goal,True,False,False,False,True,False,False,False,1.0,def1,1.0,right,0.6,0.2,3.606,33.69,33.69,121.48613999999999,0-5,30-45,0-5|MU1,0-5|def1,14,13,10.0,5.0,0.6875,0.46153846153846156,3.0,1.0,0.3333333333333333,standard,goal,right,4.0,2.0,IMG_0185.MOV,00:48,1.0
3_P0015,3,west_sub,new_trier,3,03:17,197.0,gt8s,IL Club,IL Club,6v6,perimeter,shot,shot_no_goal,missed,True,False,False,False,False,False,False,False,0.0,def0,0.5,right,0.2,0.4,8.485,-45.0,45.0,381.825,8-10,45-90,8-10|MU0,8-10|def0,15,14,11.0,6.0,0.7058823529411765,0.5,3.0,1.0,0.3333333333333333,standard,missed,right,7.0,2.0,IMG_0187.MOV,00:11,1.0
3_P0016,3,west_sub,new_trier,3,02:37,157.0,gt8s,IL Club,IL Club,6v6,perimeter,shot,goal,goal,True,False,False,False,False,False,False,False,0.0,def0,0.5,right,0.75,0.1333333333,5.385,68.2,68.2,367.257,5-8,45-90,5-8|MU0,5-8|def0,16,15,12.0,6.0,0.7222222222222222,0.4666666666666667,3.0,1.0,0.3333333333333333,skip,goal,right,7.0,3.0,IMG_0189.MOV,00:20,1.0
3_P0017,3,west_sub,new_trier,4,06:09,369.0,gt8s,IL Club,IL Club,6v6,broken play,shot,shot_no_goal,field block,True,False,False,False,False,False,False,False,1.0,def1,0.5,center,0.65,0.06666666667,3.162,71.57,71.57,226.30433999999997,0-5,45-90,0-5|MU0,0-5|def1,17,16,13.0,7.0,0.7368421052631579,0.5,3.0,2.0,0.5,tip/deflection,field block,right,4.0,3.0,IMG_0196.MOV,00:18,1.0
3_P0018,3,west_sub,new_trier,4,04:44,284.0,gt8s,IL Club,IL Club,6v6,set,shot,shot_no_goal,blocked (GK),True,False,False,False,False,False,False,False,1.0,def1,0.5,left,0.5,0.1333333333,2.0,0.0,0.0,0.0,0-5,0-15,0-5|MU0,0-5|def1,18,17,14.0,7.0,0.75,0.47058823529411764,3.0,1.0,0.3333333333333333,tip/deflection,blocked (GK),left,2.0,3.0,IMG_0200.MOV,00:19,1.0
3_P0019,3,west_sub,new_trier,4,04:04,244.0,gt8s,IL Club,IL Club,6v6,nan,turnover,turnover,steal/interception,False,True,False,False,False,False,False,False,,,,,,,,,,,,,,,19,18,,,0.047619047619047616,0.3333333333333333,,,0.3333333333333333,nan,nan,right,,1.0,IMG_0202.MOV,00:11,1.0
3_P0020,3,west_sub,new_trier,4,03:23,203.0,gt8s,IL Club,IL Club,6v6,perimeter,shot,shot_no_goal,blocked (GK),True,False,False,False,False,False,False,False,1.0,def1,1.5,center,0.5,0.4666666667,7.0,0.0,0.0,0.0,5-8,0-15,5-8|MU0,5-8|def1,20,19,15.0,7.0,0.7272727272727273,0.4444444444444444,3.0,1.0,0.3333333333333333,standard,blocked (GK),right,4.0,1.0,IMG_0204.MOV,00:10,1.0
3_P0021,3,west_sub,new_trier,4,03:00,180.0,gt8s,IL Club,IL Club,6v6,nan,turnover,turnover,procedural violation (2m/6m/restart),False,True,False,False,False,False,False,False,,,,,,,,,,,,,,,21,20,,,0.043478260869565216,0.3333333333333333,,,0.3333333333333333,nan,nan,right,,8.0,IMG_0205.MOV,00:26,1.0
3_P0022,3,west_sub,new_trier,4,02:13,133.0,gt8s,IL Club,IL Club,6v6,nan,turnover,turnover,shot clock violation,False,True,False,False,False,False,False,False,,,,,,,,,,,,,,,22,21,,,0.041666666666666664,0.3333333333333333,,,0.3333333333333333,nan,nan,right,,6.0,IMG_0207.MOV,00:28,1.0
3_P0023,3,west_sub,new_trier,4,01:08,68.0,gt8s,IL Club,IL Club,6v6,nan,turnover,turnover,shot clock violation,False,True,False,False,False,False,False,False,,,,,,,,,,,,,,,23,22,,,0.04,0.3333333333333333,,,0.3333333333333333,nan,nan,right,,0.0,IMG_0209.MOV,00:16,1.0
4_P0001,4,usa_academy,brown,1,nan,,,ODP Academy,College,6v6,perimeter,shot,shot_no_goal,blocked (GK),True,False,False,False,False,False,False,False,1.0,def1,0.5,center,0.5,0.4,6.0,0.0,0.0,0.0,5-8,0-15,5-8|MU0,5-8|def1,1,0,0.0,0.0,0.3333333333333333,0.3333333333333333,0.0,0.0,0.3333333333333333,skip,blocked (GK),right,2.0,3.0,IMG_2598.MOV,00:24,1.0
4_P0002,4,usa_academy,brown,1,nan,,,ODP Academy,College,6v6,set,shot,goal,goal,True,False,False,False,False,False,False,False,2.0,def2p,0.5,right,0.55,0.2,3.162,18.43,18.43,58.275659999999995,0-5,15-30,0-5|MU0,0-5|def2p,2,1,1.0,0.0,0.5,0.25,1.0,0.0,0.25,skip,goal,right,10.0,4.0,IMG_2600.MOV,00:16,1.0
4_P0003,4,usa_academy,brown,1,nan,,,ODP Academy,College,6v6,nan,turnover,turnover,steal/interception,False,True,False,False,False,False,False,False,,,,,,,,,,,,,,,3,2,,,0.2,0.3333333333333333,,,0.3333333333333333,nan,nan,right,,8.0,IMG_2602.MOV,00:25,1.0
4_P0004,4,usa_academy,brown,1,nan,,,ODP Academy,College,6v5,man-up,shot,shot_no_goal,field block,True,False,False,False,True,False,False,False,1.0,def1,0.5,left,0.4,0.4,6.325,-18.43,18.43,116.56975,5-8,15-30,5-8|MU1,5-8|def1,4,3,2.0,1.0,0.5,0.4,2.0,1.0,0.4,skip,field block,right,2.0,3.0,IMG_2604.MOV,00:34,1.0
4_P0005,4,usa_academy,brown,1,nan,,,ODP Academy,College,6v6,perimeter,shot,shot_no_goal,field block,True,False,False,False,False,False,False,False,2.0,def2p,0.5,left,0.3,0.2666666667,5.657,-45.0,45.0,254.565,5-8,45-90,5-8|MU0,5-8|def2p,5,4,3.0,1.0,0.5714285714285714,0.3333333333333333,3.0,1.0,0.3333333333333333,skip,field block,right,2.0,8.0,IMG_2606.MOV,00:21,1.0
4_P0006,4,usa_academy,brown,1,nan,,,ODP Academy,College,6v6,perimeter,shot,shot_no_goal,field block,True,False,False,False,False,False,False,False,1.0,def1,0.5,right,0.6,0.5333333333,8.246,14.04,14.04,115.77383999999999,8-10,0-15,8-10|MU0,8-10|def1,6,5,4.0,1.0,0.625,0.2857142857142857,3.0,1.0,0.3333333333333333,standard,field block,right,3.0,4.0,IMG_2608.MOV,00:31,1.0
4_P0007,4,usa_academy,brown,2,nan,,,ODP Academy,College,6v6,nan,turnover,turnover,steal/interception,False,True,False,False,False,False,False,False,,,,,,,,,,,,,,,7,6,,,0.1111111111111111,0.3333333333333333,,,0.3333333333333333,nan,nan,right,,9.0,IMG_2610.MOV,00:35,1.0
4_P0008,4,usa_academy,brown,2,nan,,,ODP Academy,College,6v6,set,shot,shot_no_goal,post/bar,True,False,False,False,False,False,False,False,2.0,def2p,0.5,center,0.5,0.2666666667,4.0,0.0,0.0,0.0,0-5,0-15,0-5|MU0,0-5|def2p,8,7,5.0,1.0,0.6,0.25,3.0,0.0,0.16666666666666666,standard,post/bar,right,0.0,2.0,IMG_2612.MOV,00:16,1.0
4_P0009,4,usa_academy,brown,2,nan,,,ODP Academy,College,6v6,counter,shot,shot_no_goal,blocked (GK),True,False,False,False,False,False,False,False,1.0,def1,1.0,left,0.45,0.1333333333,2.236,-26.57,26.57,59.410520000000005,0-5,15-30,0-5|MU0,0-5|def1,9,8,6.0,1.0,0.6363636363636364,0.2222222222222222,3.0,0.0,0.16666666666666666,standard,blocked (GK),right,10.0,1.0,IMG_2613.MOV,00:15,1.0
4_P0010,4,usa_academy,brown,2,nan,,,ODP Academy,College,6v6,nan,turnover,turnover,steal/interception,False,True,False,False,False,False,False,False,,,,,,,,,,,,,,,10,9,,,0.08333333333333333,0.3333333333333333,,,0.3333333333333333,nan,nan,right,,6.0,IMG_2615.MOV,00:23,1.0
4_P0011,4,usa_academy,brown,2,nan,,,ODP Academy,College,6v6,nan,turnover,turnover,ball under,False,True,False,False,False,False,False,False,,,,,,,,,,,,,,,11,10,,,0.07692307692307693,0.3333333333333333,,,0.3333333333333333,nan,nan,right,,7.0,IMG_2617.MOV,00:28,1.0
4_P0012,4,usa_academy,brown,2,nan,,,ODP Academy,College,6v6,perimeter,shot,goal,goal,True,False,False,False,False,False,False,False,1.0,def1,0.5,left,0.4,0.4,6.325,-18.43,18.43,116.56975,5-8,15-30,5-8|MU0,5-8|def1,12,11,7.0,1.0,0.5714285714285714,0.2,3.0,0.0,0.16666666666666666,skip,goal,right,2.0,4.0,IMG_2618.MOV,00:19,1.0
4_P0013,4,usa_academy,brown,3,nan,,,ODP Academy,College,6v6,nan,turnover,turnover,steal/interception,False,True,False,False,False,False,False,False,,,,,,,,,,,,,,,13,12,,,0.06666666666666667,0.3333333333333333,,,0.3333333333333333,nan,nan,right,,7.0,IMG_2621.MOV,00:16,1.0
4_P0014,4,usa_academy,brown,3,nan,,,ODP Academy,College,6v6,perimeter,shot,shot_no_goal,post/bar,True,False,False,False,False,False,False,False,0.0,def0,0.5,center,0.45,0.2666666667,4.123,-14.04,14.04,57.886919999999996,0-5,0-15,0-5|MU0,0-5|def0,14,13,8.0,2.0,0.5625,0.2727272727272727,3.0,1.0,0.3333333333333333,standard,post/bar,right,9.0,3.0,IMG_2622.MOV,00:43,1.0
4_P0015,4,usa_academy,brown,3,nan,,,ODP Academy,College,6v6,set,shot,shot_no_goal,field block,True,False,False,False,False,False,False,False,2.0,def2p,0.5,right,0.6,0.2666666667,4.472,26.57,26.57,118.82104000000001,0-5,15-30,0-5|MU0,0-5|def2p,15,14,9.0,2.0,0.5882352941176471,0.25,3.0,1.0,0.3333333333333333,standard,field block,right,12.0,6.0,IMG_2624.MOV,00:28,1.0
4_P0016,4,usa_academy,brown,3,nan,,,ODP Academy,College,6v6,nan,turnover,turnover,offensive foul (contra),False,True,False,False,False,False,False,False,,,,,,,,,,,,,,,16,15,,,0.05555555555555555,0.3333333333333333,,,0.3333333333333333,nan,nan,right,,4.0,IMG_2625.MOV,00:36,1.0
4_P0017,4,usa_academy,brown,3,nan,,,ODP Academy,College,6v6,perimeter,shot,shot_no_goal,post/bar,True,False,False,False,False,False,False,False,1.0,def1,0.5,right,0.75,0.4,7.81,39.81,39.81,310.91610000000003,5-8,30-45,5-8|MU0,5-8|def1,17,16,10.0,2.0,0.5789473684210527,0.23076923076923078,3.0,1.0,0.3333333333333333,lob,post/bar,right,3.0,1.0,IMG_2626.MOV,00:45,1.0
4_P0018,4,usa_academy,brown,3,nan,,,ODP Academy,College,6v7,other,shot,shot_no_goal,goals,True,False,False,False,False,True,False,True,0.0,def0,,,0.5,1,15.0,0.0,0.0,0.0,10+,0-15,10+|MU0,10+|def0,18,17,11.0,2.0,0.6,0.21428571428571427,3.0,0.0,0.16666666666666666,standard,goals,right,1.0,0.0,IMG_2628.MOV,00:14,1.0
4_P0019,4,usa_academy,brown,4,nan,,,ODP Academy,College,6v6,nan,turnover,turnover,steal/interception,False,True,False,False,False,False,False,False,,,,,,,,,,,,,,,19,18,,,0.047619047619047616,0.3333333333333333,,,0.3333333333333333,nan,nan,right,,1.0,IMG_2631.MOV,00:28,1.0
4_P0020,4,usa_academy,brown,4,nan,,,ODP Academy,College,6v6,perimeter,shot,goal,goal,True,False,False,False,False,False,False,False,1.0,def1,0.0,left,0.25,0.1333333333,5.385,-68.2,68.2,367.257,5-8,45-90,5-8|MU0,5-8|def1,20,19,12.0,2.0,0.5909090909090909,0.2,3.0,0.0,0.16666666666666666,standard,goal,right,9.0,3.0,IMG_2633.MOV,00:23,1.0
4_P0021,4,usa_academy,brown,4,nan,,,ODP Academy,College,6v6,perimeter,shot,shot_no_goal,field block,True,False,False,False,False,False,False,False,1.0,def1,0.5,center,0.85,0.2666666667,8.062,60.26,60.26,485.81611999999996,8-10,45-90,8-10|MU0,8-10|def1,21,20,13.0,3.0,0.6086956521739131,0.25,3.0,1.0,0.3333333333333333,standard,field block,right,3.0,4.0,IMG_2635.MOV,00:19,1.0
4_P0022,4,usa_academy,brown,4,nan,,,ODP Academy,College,6v6,perimeter,shot,shot_no_goal,missed,True,False,False,False,False,False,False,False,1.0,def1,0.5,center,0.2,0.2,6.708,-63.43,63.43,425.48844,5-8,45-90,5-8|MU0,5-8|def1,22,21,14.0,3.0,0.625,0.23529411764705882,3.0,1.0,0.3333333333333333,standard,missed,right,5.0,6.0,IMG_2636.MOV,00:37,1.0
4_P0023,4,usa_academy,brown,4,nan,,,ODP Academy,College,6v6,perimeter,shot,shot_no_goal,blocked (GK),True,False,False,False,False,False,False,False,1.0,def1,0.5,center,0.5,0.4,6.0,0.0,0.0,0.0,5-8,0-15,5-8|MU0,5-8|def1,23,22,15.0,3.0,0.64,0.2222222222222222,3.0,1.0,0.3333333333333333,standard,blocked (GK),right,3.0,5.0,IMG_2638.MOV,00:31,1.0
4_P0024,4,usa_academy,brown,4,nan,,,ODP Academy,College,6v6,broken play,shot,shot_no_goal,blocked (GK),True,False,False,False,False,False,False,False,1.0,def1,0.5,right,0.55,0.1333333333,2.236,26.57,26.57,59.410520000000005,0-5,15-30,0-5|MU0,0-5|def1,24,23,16.0,3.0,0.6538461538461539,0.21052631578947367,3.0,0.0,0.16666666666666666,standard,blocked (GK),right,12.0,0.0,IMG_2638.MOV,00:34,1.0
4_P0025,4,usa_academy,brown,4,nan,,,ODP Academy,College,6v6,broken play,shot,goal,goal,True,False,False,False,False,False,False,False,1.0,def1,0.5,right,0.45,0.06666666667,1.414,-45.0,45.0,63.629999999999995,0-5,45-90,0-5|MU0,0-5|def1,25,24,17.0,3.0,0.6666666666666666,0.2,3.0,0.0,0.16666666666666666,other,goal,right,5.0,0.0,IMG_2638.MOV,00:35,1.0
5_P0001,5,usa_academy,air_force,1,4:21,261.0,gt8s,ODP Academy,College,6v6,nan,turnover,turnover,steal/interception,False,True,False,False,False,False,False,False,,,,,,,,,,,,,,,1,0,,,0.3333333333333333,0.3333333333333333,,,0.3333333333333333,nan,nan,right,,5.0,IMG_2644.MOV,00:18,1.0
5_P0002,5,usa_academy,air_force,,nan,,,ODP Academy,College,6v6,perimeter,shot,shot_no_goal,missed,True,False,False,False,False,False,False,False,1.0,def1,1.0,left,0.35,0.4,6.708,-26.57,26.57,178.23156,5-8,15-30,5-8|MU0,5-8|def1,2,1,0.0,0.0,0.25,0.3333333333333333,0.0,0.0,0.3333333333333333,standard,missed,right,0.0,7.0,IMG_2645.MOV,00:31,1.0
5_P0003,5,usa_academy,air_force,,nan,,,ODP Academy,College,6v6,nan,turnover,turnover,ball under,False,True,False,False,False,False,False,False,,,,,,,,,,,,,,,3,2,,,0.2,0.3333333333333333,,,0.3333333333333333,nan,nan,right,,2.0,IMG_2647.MOV,00:15,1.0
5_P0004,5,usa_academy,air_force,,nan,,,ODP Academy,College,6v6,nan,turnover,turnover,steal/interception,False,True,False,False,False,False,False,False,,,,,,,,,,,,,,,4,3,,,0.16666666666666666,0.3333333333333333,,,0.3333333333333333,nan,nan,right,,6.0,IMG_2648.MOV,00:29,1.0
5_P0005,5,usa_academy,air_force,,nan,,,ODP Academy,College,6v6,nan,turnover,turnover,steal/interception,False,True,False,False,False,False,False,False,,,,,,,,,,,,,,,5,4,,,0.14285714285714285,0.3333333333333333,,,0.3333333333333333,nan,nan,right,,3.0,IMG_2650.MOV,00:25,1.0
5_P0006,5,usa_academy,air_force,,nan,,,ODP Academy,College,6v6,nan,turnover,turnover,bad pass / out of bounds,False,True,False,False,False,False,False,False,,,,,,,,,,,,,,,6,5,,,0.125,0.3333333333333333,,,0.3333333333333333,nan,nan,right,,2.0,IMG_2652.MOV,00:18,1.0
5_P0007,5,usa_academy,air_force,,nan,,,ODP Academy,College,6v6,nan,turnover,turnover,steal/interception,False,True,False,False,False,False,False,False,,,,,,,,,,,,,,,7,6,,,0.1111111111111111,0.3333333333333333,,,0.3333333333333333,nan,nan,right,,1.0,IMG_2654.MOV,00:11,1.0
5_P0008,5,usa_academy,air_force,,nan,,,ODP Academy,College,6v6,nan,turnover,turnover,steal/interception,False,True,False,False,False,False,False,False,,,,,,,,,,,,,,,8,7,,,0.1,0.3333333333333333,,,0.3333333333333333,nan,nan,right,,2.0,IMG_2655.MOV,00:18,1.0
5_P0009,5,usa_academy,air_force,,nan,,,ODP Academy,College,6v6,nan,turnover,turnover,steal/interception,False,True,False,False,False,False,False,False,,,,,,,,,,,,,,,9,8,,,0.09090909090909091,0.3333333333333333,,,0.3333333333333333,nan,nan,right,,2.0,IMG_2655.MOV,00:57,1.0
5_P0010,5,usa_academy,air_force,,nan,,,ODP Academy,College,6v6,perimeter,shot,shot_no_goal,blocked (GK),True,False,False,False,False,False,False,False,1.0,def1,1.0,left,0.2,0.4666666667,9.22,-40.6,40.6,374.33200000000005,8-10,30-45,8-10|MU0,8-10|def1,10,9,1.0,0.0,0.16666666666666666,0.25,1.0,0.0,0.25,standard,blocked (GK),right,15.0,3.0,IMG_2658.MOV,00:45,1.0
5_P0011,5,usa_academy,air_force,,nan,,,ODP Academy,College,6v6,nan,turnover,turnover,steal/interception,False,True,False,False,False,False,False,False,,,,,,,,,,,,,,,11,10,,,0.07692307692307693,0.3333333333333333,,,0.3333333333333333,nan,nan,right,,1.0,IMG_2659.MOV,00:37,1.0
5_P0012,5,usa_academy,air_force,,nan,,,ODP Academy,College,6v5,man-up,shot,shot_no_goal,post/bar,True,False,False,False,True,False,False,False,1.0,def1,0.5,right,0.75,0.2666666667,6.403,51.34,51.34,328.73002,5-8,45-90,5-8|MU1,5-8|def1,12,11,2.0,0.0,0.21428571428571427,0.2,2.0,0.0,0.2,skip,post/bar,right,3.0,9.0,IMG_2663.MOV,00:55,1.0
5_P0013,5,usa_academy,air_force,,nan,,,ODP Academy,College,6v6,nan,turnover,turnover,steal/interception,False,True,False,False,False,False,False,False,,,,,,,,,,,,,,,13,12,,,0.06666666666666667,0.3333333333333333,,,0.3333333333333333,nan,nan,right,,3.0,IMG_2666.MOV,00:20,1.0
5_P0014,5,usa_academy,air_force,,nan,,,ODP Academy,College,6v6,counter,shot,goal,goal,True,False,False,False,False,False,False,False,1.0,def1,1.5,center,0.45,0.2,3.162,-18.43,18.43,58.275659999999995,0-5,15-30,0-5|MU0,0-5|def1,14,13,3.0,0.0,0.25,0.16666666666666666,3.0,0.0,0.16666666666666666,skip,goal,right,15.0,1.0,IMG_2667.MOV,00:09,1.0
5_P0015,5,usa_academy,air_force,,nan,,,ODP Academy,College,6v6,nan,turnover,turnover,offensive foul (contra),False,True,False,False,False,False,False,False,,,,,,,,,,,,,,,15,14,,,0.058823529411764705,0.3333333333333333,,,0.3333333333333333,nan,nan,right,,10.0,IMG_2669.MOV,00:33,1.0
5_P0016,5,usa_academy,air_force,,nan,,,ODP Academy,College,6v6,perimeter,shot,shot_no_goal,blocked (GK),True,False,False,False,False,False,False,False,1.0,def1,1.0,center,0.5,0.4666666667,7.0,0.0,0.0,0.0,5-8,0-15,5-8|MU0,5-8|def1,16,15,4.0,1.0,0.2777777777777778,0.2857142857142857,3.0,1.0,0.3333333333333333,standard,blocked (GK),right,5.0,6.0,IMG_2675.MOV,00:36,1.0
5_P0017,5,usa_academy,air_force,,nan,,,ODP Academy,College,6v6,perimeter,shot,goal,goal,True,False,False,False,False,False,False,False,1.0,def1,1.0,left,0.35,0.4,6.708,-26.57,26.57,178.23156,5-8,15-30,5-8|MU0,5-8|def1,17,16,5.0,1.0,0.3157894736842105,0.25,3.0,1.0,0.3333333333333333,standard,goal,right,15.0,2.0,IMG_2677.MOV,00:20,1.0
5_P0018,5,usa_academy,air_force,,nan,,,ODP Academy,College,6v6,counter,shot,shot_no_goal,blocked (GK),True,False,False,False,False,False,False,False,1.0,def1,1.0,right,0.7,0.2,5.0,53.13,53.13,265.65000000000003,5-8,45-90,5-8|MU0,5-8|def1,18,17,6.0,2.0,0.35,0.3333333333333333,3.0,2.0,0.5,standard,blocked (GK),right,2.0,0.0,IMG_2678.MOV,00:42,1.0
5_P0019,5,usa_academy,air_force,,nan,,,ODP Academy,College,6v6,broken play,shot,goal,goal,True,False,False,False,False,False,False,False,0.0,def0,1.0,right,0.5,0.06666666667,1.0,0.0,0.0,0.0,0-5,0-15,0-5|MU0,0-5|def0,19,18,7.0,2.0,0.38095238095238093,0.3,3.0,1.0,0.3333333333333333,tip/deflection,goal,right,12.0,0.0,IMG_2678.MOV,00:44,1.0
5_P0020,5,usa_academy,air_force,,nan,,,ODP Academy,College,6v6,perimeter,shot,shot_no_goal,blocked,True,False,False,False,False,False,False,False,0.0,def0,1.0,right,0.7,0.4,7.211,33.69,33.69,242.93859,5-8,30-45,5-8|MU0,5-8|def0,20,19,8.0,3.0,0.4090909090909091,0.36363636363636365,3.0,2.0,0.5,standard,blocked,right,12.0,2.0,IMG_2680.MOV,00:18,1.0
5_P0021,5,usa_academy,air_force,,nan,,,ODP Academy,College,6v6,nan,turnover,turnover,steal/interception,False,True,False,False,False,False,False,False,,,,,,,,,,,,,,,21,20,,,0.043478260869565216,0.3333333333333333,,,0.3333333333333333,nan,nan,right,,3.0,IMG_2681.MOV,00:17,1.0
5_P0022,5,usa_academy,air_force,,nan,,,ODP Academy,College,6v6,nan,turnover,turnover,steal/interception,False,True,False,False,False,False,False,False,,,,,,,,,,,,,,,22,21,,,0.041666666666666664,0.3333333333333333,,,0.3333333333333333,nan,nan,right,,5.0,IMG_2685.MOV,00:32,1.0
5_P0023,5,usa_academy,air_force,,nan,,,ODP Academy,College,6v6,perimeter,shot,goal,goal,True,False,False,False,False,False,False,False,1.0,def1,0.0,center,0.5,0.4,6.0,0.0,0.0,0.0,5-8,0-15,5-8|MU0,5-8|def1,23,22,9.0,3.0,0.4,0.3333333333333333,3.0,1.0,0.3333333333333333,skip,goal,right,5.0,5.0,IMG_2687.MOV,00:26,1.0
6_P0001,6,carlsbad,ca_1,1,nan,,,CA Club,CA Club,6v6,broken play,shot,shot_no_goal,blocked (GK),True,False,False,False,False,False,False,False,0.0,def0,1.0,right,0.6,0.3333333333,5.385,21.8,21.8,117.393,5-8,15-30,5-8|MU0,5-8|def0,1,0,0.0,0.0,0.3333333333333333,0.3333333333333333,0.0,0.0,0.3333333333333333,skip,blocked (GK),right,14.0,0.0,IMG_4559.MOV,00:52,1.0
6_P0002,6,carlsbad,ca_1,,nan,,,CA Club,CA Club,6v6,nan,turnover,turnover,steal/interception,False,True,False,False,False,False,False,False,,,,,,,,,,,,,,,2,1,,,0.25,0.3333333333333333,,,0.3333333333333333,nan,nan,right,,3.0,IMG_4560.MOV,00:17,1.0
6_P0003,6,carlsbad,ca_1,,nan,,,CA Club,CA Club,6v6,perimeter,shot,shot_no_goal,blocked (GK),True,False,False,False,False,False,False,False,1.0,def1,0.0,center,0.4,0.4666666667,7.28,-15.95,15.95,116.116,5-8,15-30,5-8|MU0,5-8|def1,3,2,1.0,0.0,0.4,0.25,1.0,0.0,0.25,standard,blocked (GK),right,8.0,2.0,IMG_4561.MOV,00:54,1.0
6_P0004,6,carlsbad,ca_1,,nan,,,CA Club,CA Club,6v5,man-up,shot,goal,goal,True,False,False,False,True,False,False,False,1.0,def1,0.5,right,0.7,0.1333333333,4.472,63.43,63.43,283.65896000000004,0-5,45-90,0-5|MU1,0-5|def1,4,3,2.0,0.0,0.5,0.2,2.0,0.0,0.2,skip,goal,right,8.0,7.0,IMG_4564.MOV,00:50,1.0
6_P0005,6,carlsbad,ca_1,,nan,,,CA Club,CA Club,6v6,set,shot,shot_no_goal,blocked (GK),True,False,False,False,False,False,False,False,1.0,def1,0.5,center,0.6,0.1333333333,2.828,45.0,45.0,127.25999999999999,0-5,45-90,0-5|MU0,0-5|def1,5,4,3.0,1.0,0.5714285714285714,0.3333333333333333,3.0,1.0,0.3333333333333333,standard,blocked (GK),right,8.0,5.0,IMG_4566.MOV,00:34,1.0
6_P0006,6,carlsbad,ca_1,,nan,,,CA Club,CA Club,6v6,perimeter,shot,shot_no_goal,post/bar,True,False,False,False,False,False,False,False,1.0,def1,1.0,center,0.5,0.4666666667,7.0,0.0,0.0,0.0,5-8,0-15,5-8|MU0,5-8|def1,6,5,4.0,1.0,0.625,0.2857142857142857,3.0,1.0,0.3333333333333333,skip,post/bar,right,8.0,6.0,IMG_4567.MOV,00:35,1.0
6_P0007,6,carlsbad,ca_1,,nan,,,CA Club,CA Club,6v6,nan,turnover,turnover,steal/interception,False,True,False,False,False,False,False,False,,,,,,,,,,,,,,,7,6,,,0.1111111111111111,0.3333333333333333,,,0.3333333333333333,nan,nan,right,,1.0,IMG_4567.MOV,00:44,1.0
6_P0008,6,carlsbad,ca_1,,nan,,,CA Club,CA Club,6v6,nan,turnover,turnover,steal/interception,False,True,False,False,False,False,False,False,,,,,,,,,,,,,,,8,7,,,0.1,0.3333333333333333,,,0.3333333333333333,nan,nan,right,,3.0,IMG_4570_1.MOV,00:18,1.0
6_P0009,6,carlsbad,ca_1,,nan,,,CA Club,CA Club,6v6,broken play,shot,goal,goal,True,False,False,False,False,False,False,False,1.0,def1,0.5,center,0.5,0.2,3.0,0.0,0.0,0.0,0-5,0-15,0-5|MU0,0-5|def1,9,8,5.0,1.0,0.5454545454545454,0.25,3.0,1.0,0.3333333333333333,skip,goal,right,10.0,4.0,IMG_4571.MOV,00:36,1.0
6_P0010,6,carlsbad,ca_1,,nan,,,CA Club,CA Club,6v6,perimeter,shot,shot_no_goal,blocked (GK),True,False,False,False,False,False,False,False,1.0,def1,1.0,center,0.5,0.4,6.0,0.0,0.0,0.0,5-8,0-15,5-8|MU0,5-8|def1,10,9,6.0,2.0,0.5833333333333334,0.3333333333333333,3.0,1.0,0.3333333333333333,skip,blocked (GK),right,15.0,2.0,IMG_4572.MOV,00:55,1.0
6_P0011,6,carlsbad,ca_1,,nan,,,CA Club,CA Club,6v6,nan,turnover,turnover,shot clock violation,False,True,False,False,False,False,False,False,,,,,,,,,,,,,,,11,10,,,0.07692307692307693,0.3333333333333333,,,0.3333333333333333,nan,nan,right,,0.0,IMG_4577.MOV,00:13,1.0
6_P0012,6,carlsbad,ca_1,,nan,,,CA Club,CA Club,6v6,nan,turnover,turnover,steal/interception,False,True,False,False,False,False,False,False,,,,,,,,,,,,,,,12,11,,,0.07142857142857142,0.3333333333333333,,,0.3333333333333333,nan,nan,right,,1.0,IMG_4579.MOV,00:09,1.0
6_P0013,6,carlsbad,ca_1,,nan,,,CA Club,CA Club,6v6,perimeter,shot,shot_no_goal,blocked (GK),True,False,False,False,False,False,False,False,1.0,def1,1.5,center,0.6,0.6,9.22,12.53,12.53,115.5266,8-10,0-15,8-10|MU0,8-10|def1,13,12,7.0,2.0,0.5333333333333333,0.3,3.0,1.0,0.3333333333333333,skip,blocked (GK),right,0.0,2.0,IMG_4581.MOV,00:30,1.0
6_P0014,6,carlsbad,ca_1,,nan,,,CA Club,CA Club,6v6,nan,turnover,turnover,bad pass / out of bounds,False,True,False,False,False,False,False,False,,,,,,,,,,,,,,,14,13,,,0.0625,0.3333333333333333,,,0.3333333333333333,nan,nan,right,,4.0,IMG_4583.MOV,00:29,1.0
6_P0015,6,carlsbad,ca_1,,nan,,,CA Club,CA Club,6v6,nan,turnover,turnover,ball under,False,True,False,False,False,False,False,False,,,,,,,,,,,,,,,15,14,,,0.058823529411764705,0.3333333333333333,,,0.3333333333333333,nan,nan,right,,2.0,IMG_4585.MOV,00:18,1.0
6_P0016,6,carlsbad,ca_1,,nan,,,CA Club,CA Club,6v6,perimeter,shot,shot_no_goal,blocked (GK),True,False,False,False,False,False,False,False,0.0,def0,0.5,left,0.3,0.4,7.211,-33.69,33.69,242.93859,5-8,30-45,5-8|MU0,5-8|def0,16,15,8.0,2.0,0.5,0.2727272727272727,3.0,1.0,0.3333333333333333,lob,blocked (GK),right,12.0,2.0,IMG_4587.MOV,00:22,1.0
6_P0017,6,carlsbad,ca_1,,nan,,,CA Club,CA Club,6v6,nan,turnover,turnover,ball under,False,True,False,False,False,False,False,False,,,,,,,,,,,,,,,17,16,,,0.05263157894736842,0.3333333333333333,,,0.3333333333333333,nan,nan,right,,1.0,IMG_4587.MOV,00:54,1.0
6_P0018,6,carlsbad,ca_1,,nan,,,CA Club,CA Club,6v6,set,shot,shot_no_goal,missed,True,False,False,False,False,False,False,False,1.0,def1,1.0,center,0.5,0.2,3.0,0.0,0.0,0.0,0-5,0-15,0-5|MU0,0-5|def1,18,17,9.0,2.0,0.5,0.25,3.0,0.0,0.16666666666666666,tip/deflection,missed,right,10.0,4.0,IMG_4588.MOV,00:33,1.0
6_P0019,6,carlsbad,ca_1,,nan,,,CA Club,CA Club,6v6,broken play,shot,goal,goal,True,False,False,False,False,False,False,False,1.0,def1,0.5,center,0.5,0.1333333333,2.0,0.0,0.0,0.0,0-5,0-15,0-5|MU0,0-5|def1,19,18,10.0,2.0,0.5238095238095238,0.23076923076923078,3.0,0.0,0.16666666666666666,tip/deflection,goal,right,11.0,1.0,IMG_4590.MOV,00:05,1.0
6_P0020,6,carlsbad,ca_1,,nan,,,CA Club,CA Club,6v6,perimeter,shot,shot_no_goal,post/bar,True,False,False,False,False,False,False,False,1.0,def1,0.5,left,0.25,0.1333333333,5.385,-68.2,68.2,367.257,5-8,45-90,5-8|MU0,5-8|def1,20,19,11.0,3.0,0.5454545454545454,0.2857142857142857,3.0,1.0,0.3333333333333333,standard,post/bar,right,11.0,4.0,IMG_4592.MOV,00:21,1.0
6_P0021,6,carlsbad,ca_1,,nan,,,CA Club,CA Club,6v6,counter,shot,shot_no_goal,blocked (GK),True,False,False,False,False,False,False,False,1.0,def1,1.0,left,0.3,0.3333333333,6.403,-38.66,38.66,247.53997999999996,5-8,30-45,5-8|MU0,5-8|def1,21,20,12.0,3.0,0.5652173913043478,0.26666666666666666,3.0,1.0,0.3333333333333333,standard,blocked (GK),right,11.0,0.0,IMG_4594.MOV,00:11,1.0
6_P0022,6,carlsbad,ca_1,,nan,,,CA Club,CA Club,6v6,nan,turnover,turnover,bad pass / out of bounds,False,True,False,False,False,False,False,False,,,,,,,,,,,,,,,22,21,,,0.041666666666666664,0.3333333333333333,,,0.3333333333333333,nan,nan,right,,2.0,IMG_4596.MOV,00:10,1.0
6_P0023,6,carlsbad,ca_1,,nan,,,CA Club,CA Club,6v6,nan,turnover,turnover,bad pass / out of bounds,False,True,False,False,False,False,False,False,,,,,,,,,,,,,,,23,22,,,0.04,0.3333333333333333,,,0.3333333333333333,nan,nan,right,,4.0,IMG_4597.MOV,00:26,1.0
6_P0024,6,carlsbad,ca_1,,nan,,,CA Club,CA Club,6v6,set,shot,shot_no_goal,missed,True,False,False,False,False,False,False,False,1.0,def1,1.5,right,0.6,0.2666666667,4.472,26.57,26.57,118.82104000000001,0-5,15-30,0-5|MU0,0-5|def1,24,23,13.0,3.0,0.5384615384615384,0.25,3.0,1.0,0.3333333333333333,backhand,missed,right,10.0,4.0,IMG_4600.MOV,00:18,1.0
6_P0025,6,carlsbad,ca_1,,nan,,,CA Club,CA Club,6v6,perimeter,shot,shot_no_goal,blocked (GK),True,False,False,False,False,False,False,False,1.0,def1,1.0,right,0.6,0.4,6.325,18.43,18.43,116.56975,5-8,15-30,5-8|MU0,5-8|def1,25,24,14.0,3.0,0.5555555555555556,0.23529411764705882,3.0,0.0,0.16666666666666666,standard,blocked (GK),right,15.0,5.0,IMG_4611.MOV,00:23,1.0
6_P0026,6,carlsbad,ca_1,,nan,,,CA Club,CA Club,6v6,nan,turnover,turnover,steal/interception,False,True,False,False,False,False,False,False,,,,,,,,,,,,,,,26,25,,,0.03571428571428571,0.3333333333333333,,,0.3333333333333333,nan,nan,right,,4.0,IMG_4613.MOV,00:25,1.0
7_P0001,7,carlsbad,ca_2,,nan,,,CA Club,CA Club,6v6,counter,turnover,turnover,steal/interception,False,True,False,False,False,False,False,False,,,,,,,,,,,,,,,1,0,,,0.3333333333333333,0.3333333333333333,,,0.3333333333333333,nan,nan,,,2.0,IMG_5618.MOV,00:18,1.0
7_P0002,7,carlsbad,ca_2,,nan,,,CA Club,CA Club,6v6,counter,turnover,turnover,steal/interception,False,True,False,False,False,False,False,False,,,,,,,,,,,,,,,2,1,,,0.25,0.3333333333333333,,,0.3333333333333333,nan,nan,,,2.0,IMG_5618.MOV,00:14,1.0
7_P0003,7,carlsbad,ca_2,,nan,,,CA Club,CA Club,6v6,perimeter,shot,goal,goal,True,False,False,False,False,False,False,False,1.0,def1,0.5,center,0.200000,0.133333,6.325,-71.57,71.57,452.68024999999994,5-8,45-90,5-8|MU0,5-8|def1,3,2,0.0,0.0,0.2,0.3333333333333333,0.0,0.0,0.3333333333333333,standard,goal,left,3.0,7.0,IMG_5620.MOV,00:33,1.0
7_P0004,7,carlsbad,ca_2,,nan,,,CA Club,CA Club,6v6,perimeter,shot,shot_no_goal,post/bar,True,False,False,False,False,False,False,False,1.0,def1,0.5,center,0.650000,0.466667,7.616,23.2,23.2,176.69119999999998,5-8,15-30,5-8|MU0,5-8|def1,4,3,1.0,1.0,0.3333333333333333,0.5,1.0,1.0,0.5,lob,post/bar,right,11.0,2.0,IMG_5622.MOV,00:21,1.0
7_P0005,7,carlsbad,ca_2,,nan,,,CA Club,CA Club,6v6,set,turnover,turnover,steal/interception,False,True,False,False,False,False,False,False,,,,,,,,,,,,,,,5,4,,,0.14285714285714285,0.3333333333333333,,,0.3333333333333333,nan,nan,,,4.0,IMG_5623.MOV,00:56,1.0
7_P0006,7,carlsbad,ca_2,,nan,,,CA Club,CA Club,6v6,counter,turnover,turnover,steal/interception,False,True,False,False,False,False,False,False,,,,,,,,,,,,,,,6,5,,,0.125,0.3333333333333333,,,0.3333333333333333,nan,nan,,,2.0,IMG_5628.MOV,00:12,1.0
7_P0007,7,carlsbad,ca_2,,nan,,,CA Club,CA Club,6v6,set,turnover,turnover,steal/interception,False,True,False,False,False,False,False,False,,,,,,,,,,,,,,,7,6,,,0.1111111111111111,0.3333333333333333,,,0.3333333333333333,nan,nan,,,3.0,IMG_5632.MOV,00:15,1.0
7_P0008,7,carlsbad,ca_2,,nan,,,CA Club,CA Club,6v6,perimeter,shot,shot_no_goal,blocked (GK),True,False,False,False,False,False,False,False,1.0,def1,0.0,right,0.800000,0.133333,6.325,71.57,71.57,452.68024999999994,5-8,45-90,5-8|MU0,5-8|def1,8,7,2.0,1.0,0.3,0.4,2.0,1.0,0.4,standard,blocked (GK),right,2.0,6.0,IMG_5634.MOV,00:45,1.0
7_P0009,7,carlsbad,ca_2,,nan,,,CA Club,CA Club,6v6,counter,shot,goal,goal,True,False,False,False,False,False,False,False,1.0,def1,0.5,center,0.300000,0.133333,4.472,-63.44,63.44,283.70368,0-5,45-90,0-5|MU0,0-5|def1,9,8,3.0,1.0,0.36363636363636365,0.3333333333333333,3.0,1.0,0.3333333333333333,standard,goal,right,6.0,1.0,IMG_5635.MOV,00:26,1.0
7_P0010,7,carlsbad,ca_2,,nan,,,CA Club,CA Club,6v5,man-up,turnover,turnover,bad pass / out of bounds,False,True,False,False,True,False,False,False,,,,,,,,,,,,,,,10,9,,,0.08333333333333333,0.3333333333333333,,,0.3333333333333333,nan,nan,,,12.0,IMG_5636.MOV,00:34,0.7
7_P0011,7,carlsbad,ca_2,,nan,,,CA Club,CA Club,6v6,counter,ejection_drawn,ejection_drawn,ejection_drawn,False,False,True,False,False,False,False,False,,,,,,,,,,,,,,,11,10,,,0.07692307692307693,0.3333333333333333,,,0.3333333333333333,nan,nan,,,1.0,IMG_5638.MOV,00:05,0.7
7_P0012,7,carlsbad,ca_2,,nan,,,CA Club,CA Club,6v5,man-up,turnover,turnover,steal/interception,False,True,False,False,True,False,False,False,,,,,,,,,,,,,,,12,11,,,0.07142857142857142,0.3333333333333333,,,0.3333333333333333,nan,nan,,,12.0,IMG_5638.MOV,00:33,0.7
7_P0013,7,carlsbad,ca_2,,nan,,,CA Club,CA Club,6v6,broken play,shot,shot_no_goal,missed,True,False,False,False,False,False,False,False,1.0,def1,1.0,center,0.500000,0.600000,9.0,0.0,0.0,0.0,8-10,0-15,8-10|MU0,8-10|def1,13,12,4.0,2.0,0.3333333333333333,0.42857142857142855,3.0,1.0,0.3333333333333333,standard,missed,right,8.0,2.0,IMG_5645.MOV,00:29,0.7
7_P0014,7,carlsbad,ca_2,,nan,,,CA Club,CA Club,6v6,broken play,shot,shot_no_goal,blocked (GK),True,False,False,False,False,False,False,False,0.0,def0,1.0,left,0.400000,0.133333,2.828,-45.0,45.0,127.25999999999999,0-5,45-90,0-5|MU0,0-5|def0,14,13,5.0,2.0,0.375,0.375,3.0,1.0,0.3333333333333333,standard,blocked (GK),right,2.0,2.0,IMG_5652.MOV,00:13,0.7
7_P0015,7,carlsbad,ca_2,,nan,,,CA Club,CA Club,6v6,broken play,shot,shot_no_goal,blocked (GK),True,False,False,False,False,False,False,False,1.0,def1,1.0,left,0.300000,0.200000,5.0,-53.13,53.13,265.65000000000003,5-8,45-90,5-8|MU0,5-8|def1,15,14,6.0,2.0,0.4117647058823529,0.3333333333333333,3.0,1.0,0.3333333333333333,standard,blocked (GK),right,2.0,2.0,IMG_5652.MOV,00:45,0.7
7_P0016,7,carlsbad,ca_2,,nan,,,CA Club,CA Club,6v6,perimeter,shot,shot_no_goal,missed,True,False,False,False,False,False,False,False,1.0,def1,1.0,left,0.300000,0.400000,7.211,-33.69,33.69,242.93859,5-8,30-45,5-8|MU0,5-8|def1,16,15,7.0,2.0,0.4444444444444444,0.3,3.0,0.0,0.16666666666666666,lob,missed,left,3.0,2.0,IMG_5656.MOV,00:17,0.7
7_P0017,7,carlsbad,ca_2,,nan,,,CA Club,CA Club,6v6,set,shot,goal,goal,True,False,False,False,False,False,False,False,2.0,def2p,1.0,left,0.400000,0.266667,4.472,-26.57,26.57,118.82104000000001,0-5,15-30,0-5|MU0,0-5|def2p,17,16,8.0,2.0,0.47368421052631576,0.2727272727272727,3.0,0.0,0.16666666666666666,skip,goal,right,10.0,2.0,IMG_5658.MOV,00:23,0.7
7_P0018,7,carlsbad,ca_2,,nan,,,CA Club,CA Club,6v6,counter,5m_drawn,5m_drawn,5m_drawn,False,False,False,True,False,False,False,False,,,,,,,,,,,,,,,18,17,,,0.05,0.3333333333333333,,,0.3333333333333333,nan,nan,,,1.0,IMG_5659.MOV,00:15,0.7
7_P0019,7,carlsbad,ca_2,,nan,,,CA Club,CA Club,other,5m penalty,shot,goal,goal,True,False,False,False,False,False,False,False,0.0,def0,0.0,center,0.500000,0.333333,5.0,0.0,0.0,0.0,5-8,0-15,5-8|MU0,5-8|def0,19,18,9.0,3.0,0.47619047619047616,0.3333333333333333,3.0,1.0,0.3333333333333333,standard,goal,right,10.0,0.0,IMG_5660.MOV,00:05,0.7
7_P0020,7,carlsbad,ca_2,,nan,,,CA Club,CA Club,6v6,set,ejection_drawn,ejection_drawn,ejection_drawn,False,False,True,False,False,False,False,False,,,,,,,,,,,,,,,20,19,,,0.045454545454545456,0.3333333333333333,,,0.3333333333333333,nan,nan,,,0.0,IMG_5662.MOV,00:17,0.7
7_P0021,7,carlsbad,ca_2,,nan,,,CA Club,CA Club,6v5,man-up,shot,goal,goal,True,False,False,False,True,False,False,False,1.0,def1,0.5,center,0.450000,0.400000,6.083,-9.46,9.46,57.54518000000001,5-8,0-15,5-8|MU1,5-8|def1,21,20,10.0,4.0,0.4782608695652174,0.38461538461538464,3.0,2.0,0.5,standard,goal,unknown,0.0,6.0,IMG_5662.MOV,00:34,0.7
7_P0022,7,carlsbad,ca_2,,nan,,,CA Club,CA Club,6v6,counter,shot,goal,goal,True,False,False,False,False,False,False,False,2.0,def2p,0.5,left,0.400000,0.200000,3.606,-33.69,33.69,121.48613999999999,0-5,30-45,0-5|MU0,0-5|def2p,22,21,11.0,5.0,0.5,0.42857142857142855,3.0,3.0,0.6666666666666666,skip,goal,right,10.0,6.0,IMG_5667.MOV,00:13,0.7
7_P0023,7,carlsbad,ca_2,,nan,,,CA Club,CA Club,6v6,set,shot,goal,goal,True,False,False,False,False,False,False,False,1.0,def1,1.5,right,0.550000,0.200000,3.162,18.43,18.43,58.275659999999995,0-5,15-30,0-5|MU0,0-5|def1,23,22,12.0,6.0,0.52,0.4666666666666667,3.0,3.0,0.6666666666666666,backhand,goal,right,10.0,6.0,IMG_5669.MOV,00:24,0.7
7_P0024,7,carlsbad,ca_2,,nan,,,CA Club,CA Club,6v5,man-up,shot,shot_no_goal,post/bar,True,False,False,False,True,False,False,False,0.0,def0,0.5,right,0.350000,0.400000,6.708,-26.57,26.57,178.23156,5-8,15-30,5-8|MU1,5-8|def0,24,23,13.0,7.0,0.5384615384615384,0.5,3.0,3.0,0.6666666666666666,standard,post/bar,right,11.0,2.0,IMG_5671.MOV,00:26,0.7
7_P0025,7,carlsbad,ca_2,,nan,,,CA Club,CA Club,6v5,man-up,shot,goal,goal,True,False,False,False,True,False,False,False,2.0,def2p,0.5,left,0.550000,0.133333,2.236,26.57,26.57,59.410520000000005,0-5,15-30,0-5|MU1,0-5|def2p,25,24,14.0,7.0,0.5555555555555556,0.47058823529411764,3.0,2.0,0.5,punch/volley,goal,right,10.0,3.0,IMG_5673.MOV,00:26,0.7
7_P0026,7,carlsbad,ca_2,,nan,,,CA Club,CA Club,6v6,counter,shot,shot_no_goal,blocked (GK),True,False,False,False,False,False,False,False,1.0,def1,1.0,left,0.400000,0.200000,3.606,-33.69,33.69,121.48613999999999,0-5,30-45,0-5|MU0,0-5|def1,26,25,15.0,8.0,0.5714285714285714,0.5,3.0,2.0,0.5,skip,blocked (GK),right,2.0,3.0,IMG_5675.MOV,00:24,0.7
7_P0027,7,carlsbad,ca_2,,nan,,,CA Club,CA Club,6v6,perimeter,shot,shot_no_goal,field block,True,False,False,False,False,False,False,False,1.0,def1,1.0,center,0.450000,0.466667,7.071,-8.13,8.13,57.487230000000004,5-8,0-15,5-8|MU0,5-8|def1,27,26,16.0,8.0,0.5862068965517241,0.47368421052631576,3.0,1.0,0.3333333333333333,standard,field block,right,6.0,4.0,IMG_5676.MOV,00:29,0.7
7_P0028,7,carlsbad,ca_2,,nan,,,CA Club,CA Club,6v6,5m penalty,shot,goal,goal,True,False,False,False,False,False,False,False,0.0,def0,0.0,center,0.500000,0.333333,5.0,0.0,0.0,0.0,5-8,0-15,5-8|MU0,5-8|def0,28,27,17.0,8.0,0.6,0.45,3.0,1.0,0.3333333333333333,standard,goal,right,2.0,0.0,IMG_5678.MOV,00:04,0.7
7_P0029,7,carlsbad,ca_2,,nan,,,CA Club,CA Club,6v6,5m penalty,shot,shot_no_goal,blocked (GK),True,False,False,False,False,False,False,False,0.0,def0,0.0,center,0.500000,0.333333,5.0,0.0,0.0,0.0,5-8,0-15,5-8|MU0,5-8|def0,29,28,18.0,9.0,0.6129032258064516,0.47619047619047616,3.0,1.0,0.3333333333333333,standard,blocked (GK),right,10.0,0.0,IMG_5680.MOV,00:05,0.7
7_P0030,7,carlsbad,ca_2,,nan,,,CA Club,CA Club,6v6,5m penalty,shot,goal,goal,True,False,False,False,False,False,False,False,0.0,def0,0.0,center,0.500000,0.333333,5.0,0.0,0.0,0.0,5-8,0-15,5-8|MU0,5-8|def0,30,29,19.0,9.0,0.625,0.45454545454545453,3.0,1.0,0.3333333333333333,standard,goal,right,11.0,0.0,IMG_5682.MOV,00:02,0.7
7_P0031,7,carlsbad,ca_2,,nan,,,CA Club,CA Club,6v6,5m penalty,shot,goal,goal,True,False,False,False,False,False,False,False,0.0,def0,0.0,center,0.500000,0.333333,5.0,0.0,0.0,0.0,5-8,0-15,5-8|MU0,5-8|def0,31,30,20.0,10.0,0.6363636363636364,0.4782608695652174,3.0,2.0,0.5,skip,goal,right,7.0,0.0,IMG_5684.MOV,00:09,0.7
7_P0032,7,carlsbad,ca_2,,nan,,,CA Club,CA Club,6v6,5m penalty,shot,goal,goal,True,False,False,False,False,False,False,False,0.0,def0,0.0,center,0.500000,0.333333,5.0,0.0,0.0,0.0,5-8,0-15,5-8|MU0,5-8|def0,32,31,21.0,11.0,0.6470588235294118,0.5,3.0,2.0,0.5,skip,goal,right,15.0,0.0,IMG_5686.MOV,00:05,0.7
8_P0001,8,hinsdale_central,ilhs_1,1,nan,,,IL HS,IL HS,6v6,counter,shot,goal,goal,True,False,False,False,False,False,False,False,0.0,def0,0.5,right,0.600000,0.133333,2.828,45.0,45.0,127.25999999999999,0-5,45-90,0-5|MU0,0-5|def0,1,0,0.0,0.0,0.3333333333333333,0.3333333333333333,0.0,0.0,0.3333333333333333,standard,goal,right,2.0,0.0,IMG_3689.MOV,00:34,0.7
8_P0002,8,hinsdale_central,ilhs_1,1,nan,,,IL HS,IL HS,6v6,counter,shot,goal,goal,True,False,False,False,False,False,False,False,1.0,def1,0.5,left,0.400000,0.133333,2.828,-45.0,45.0,127.25999999999999,0-5,45-90,0-5|MU0,0-5|def1,2,1,1.0,1.0,0.5,0.5,1.0,1.0,0.5,standard,goal,right,13.0,0.0,IMG_3692.MOV,00:15,0.7
8_P0003,8,hinsdale_central,ilhs_1,1,nan,,,IL HS,IL HS,6v6,counter,shot,goal,goal,True,False,False,False,False,False,False,False,0.0,def0,1.0,right,0.600000,0.133333,2.828,45.0,45.0,127.25999999999999,0-5,45-90,0-5|MU0,0-5|def0,3,2,2.0,2.0,0.6,0.6,2.0,2.0,0.6,standard,goal,right,2.0,2.0,IMG_3694.MOV,00:27,0.7
8_P0004,8,hinsdale_central,ilhs_1,1,nan,,,IL HS,IL HS,6v6,counter,shot,goal,goal,True,False,False,False,False,False,False,False,1.0,def1,0.5,left,0.600000,0.200000,3.606,33.69,33.69,121.48613999999999,0-5,30-45,0-5|MU0,0-5|def1,4,3,3.0,3.0,0.6666666666666666,0.6666666666666666,3.0,3.0,0.6666666666666666,standard,goal,right,10.0,2.0,IMG_3695.MOV,00:48,0.7
8_P0005,8,hinsdale_central,ilhs_1,1,nan,,,IL HS,IL HS,6v6,drive,shot,shot_no_goal,blocked (GK),True,False,False,False,False,False,False,False,0.0,def0,0.5,center,0.600000,0.133333,2.828,45.0,45.0,127.25999999999999,0-5,45-90,0-5|MU0,0-5|def0,5,4,4.0,4.0,0.7142857142857143,0.7142857142857143,3.0,3.0,0.6666666666666666,standard,blocked (GK),right,15.0,7.0,IMG_3696.MOV,00:51,0.7
8_P0006,8,hinsdale_central,ilhs_1,1,nan,,,IL HS,IL HS,6v6,counter,shot,goal,goal,True,False,False,False,False,False,False,False,2.0,def2p,0.5,center,0.500000,0.266667,4.0,0.0,0.0,0.0,0-5,0-15,0-5|MU0,0-5|def2p,6,5,5.0,4.0,0.75,0.625,3.0,2.0,0.5,skip,goal,right,4.0,0.0,IMG_3697.MOV,00:36,0.7
8_P0007,8,hinsdale_central,ilhs_1,1,nan,,,IL HS,IL HS,6v6,drive,shot,shot_no_goal,post/bar,True,False,False,False,False,False,False,False,1.0,def1,0.5,right,0.600000,0.133333,2.828,45.0,45.0,127.25999999999999,0-5,45-90,0-5|MU0,0-5|def1,7,6,6.0,5.0,0.7777777777777778,0.6666666666666666,3.0,2.0,0.5,standard,post/bar,right,4.0,4.0,IMG_3698.MOV,00:36,0.7
8_P0008,8,hinsdale_central,ilhs_1,2,nan,,,IL HS,IL HS,6v6,set,shot,goal,goal,True,False,False,False,False,False,False,False,1.0,def1,0.5,right,0.600000,0.133333,2.828,45.0,45.0,127.25999999999999,0-5,45-90,0-5|MU0,0-5|def1,8,7,7.0,5.0,0.8,0.6,3.0,1.0,0.3333333333333333,standard,goal,right,4.0,4.0,IMG_3700.MOV,00:26,0.7
8_P0009,8,hinsdale_central,ilhs_1,2,nan,,,IL HS,IL HS,6v6,set,shot,goal,goal,True,False,False,False,False,False,False,False,2.0,def2p,0.5,left,0.400000,0.200000,3.606,-33.69,33.69,121.48613999999999,0-5,30-45,0-5|MU0,0-5|def2p,9,8,8.0,6.0,0.8181818181818182,0.6363636363636364,3.0,2.0,0.5,standard,goal,right,4.0,1.0,IMG_3702.MOV,00:40,0.7
8_P0010,8,hinsdale_central,ilhs_1,2,nan,,,IL HS,IL HS,6v6,set,shot,goal,goal,True,False,False,False,False,False,False,False,1.0,def1,0.5,left,0.400000,0.200000,3.606,-33.69,33.69,121.48613999999999,0-5,30-45,0-5|MU0,0-5|def1,10,9,9.0,7.0,0.8333333333333334,0.6666666666666666,3.0,2.0,0.5,standard,goal,right,15.0,5.0,IMG_3704.MOV,00:19,0.7
8_P0011,8,hinsdale_central,ilhs_1,2,nan,,,IL HS,IL HS,6v6,counter,shot,goal,goal,True,False,False,False,False,False,False,False,0.0,def0,0.5,left,0.400000,0.133333,2.828,-45.0,45.0,127.25999999999999,0-5,45-90,0-5|MU0,0-5|def0,11,10,10.0,8.0,0.8461538461538461,0.6923076923076923,3.0,3.0,0.6666666666666666,standard,goal,right,4.0,1.0,IMG_3706.MOV,00:41,0.7
8_P0012,8,hinsdale_central,ilhs_1,2,nan,,,IL HS,IL HS,6v6,set,shot,goal,goal,True,False,False,False,False,False,False,False,0.0,def0,0.5,left,0.350000,0.200000,4.243,-45.0,45.0,190.935,0-5,45-90,0-5|MU0,0-5|def0,12,11,11.0,9.0,0.8571428571428571,0.7142857142857143,3.0,3.0,0.6666666666666666,standard,goal,right,8.0,7.0,IMG_3707.MOV,00:59,0.7
8_P0013,8,hinsdale_central,ilhs_1,2,nan,,,IL HS,IL HS,6v6,drive,shot,goal,goal,True,False,False,False,False,False,False,False,1.0,def1,0.5,left,0.400000,0.200000,3.606,-33.69,33.69,121.48613999999999,0-5,30-45,0-5|MU0,0-5|def1,13,12,12.0,10.0,0.8666666666666667,0.7333333333333333,3.0,3.0,0.6666666666666666,lob,goal,right,22.0,1.0,IMG_3709.MOV,00:11,0.7
8_P0014,8,hinsdale_central,ilhs_1,3,nan,,,IL HS,IL HS,6v6,counter,shot,goal,goal,True,False,False,False,False,False,False,False,1.0,def1,0.5,center,0.500000,0.133333,2.0,0.0,0.0,0.0,0-5,0-15,0-5|MU0,0-5|def1,14,13,13.0,11.0,0.875,0.75,3.0,3.0,0.6666666666666666,standard,goal,right,20.0,1.0,IMG_3713.MOV,00:25,0.7
8_P0015,8,hinsdale_central,ilhs_1,3,nan,,,IL HS,IL HS,6v6,counter,shot,goal,goal,True,False,False,False,False,False,False,False,0.0,def0,1.0,right,0.550000,0.200000,3.162,18.43,18.43,58.275659999999995,0-5,15-30,0-5|MU0,0-5|def0,15,14,14.0,12.0,0.8823529411764706,0.7647058823529411,3.0,3.0,0.6666666666666666,skip,goal,right,8.0,1.0,IMG_3714.MOV,00:24,0.7
8_P0016,8,hinsdale_central,ilhs_1,3,nan,,,IL HS,IL HS,6v6,broken play,shot,goal,goal,True,False,False,False,False,False,False,False,1.0,def1,0.5,center,0.500000,0.200000,3.0,0.0,0.0,0.0,0-5,0-15,0-5|MU0,0-5|def1,16,15,15.0,13.0,0.8888888888888888,0.7777777777777778,3.0,3.0,0.6666666666666666,standard,goal,right,20.0,1.0,IMG_3716.MOV,00:23,0.7
8_P0017,8,hinsdale_central,ilhs_1,3,nan,,,IL HS,IL HS,6v6,set,shot,shot_no_goal,missed,True,False,False,False,False,False,False,False,1.0,def1,0.5,left,0.300000,0.200000,5.0,-53.13,53.13,265.65000000000003,5-8,45-90,5-8|MU0,5-8|def1,17,16,16.0,14.0,0.8947368421052632,0.7894736842105263,3.0,3.0,0.6666666666666666,lob,missed,right,5.0,1.0,IMG_3717.MOV,00:54,0.7
8_P0018,8,hinsdale_central,ilhs_1,3,nan,,,IL HS,IL HS,6v6,counter,shot,goal,goal,True,False,False,False,False,False,False,False,0.0,def0,1.5,left,0.400000,0.200000,3.606,-33.69,33.69,121.48613999999999,0-5,30-45,0-5|MU0,0-5|def0,18,17,17.0,14.0,0.9,0.75,3.0,2.0,0.5,standard,goal,right,5.0,2.0,IMG_3719.MOV,00:27,0.7
8_P0019,8,hinsdale_central,ilhs_1,4,nan,,,IL HS,IL HS,6v6,broken play,shot,shot_no_goal,missed,True,False,False,False,False,False,False,False,0.0,def0,0.0,right,0.600000,0.333333,5.385,21.8,21.8,117.393,5-8,15-30,5-8|MU0,5-8|def0,19,18,18.0,15.0,0.9047619047619048,0.7619047619047619,3.0,2.0,0.5,standard,missed,right,16.0,1.0,IMG_3726.MOV,00:12,0.7
8_P0020,8,hinsdale_central,ilhs_1,4,nan,,,IL HS,IL HS,6v6,5m penalty,shot,goal,goal,True,False,False,False,False,False,False,False,0.0,def0,0.0,right,0.500000,0.333333,5.0,0.0,0.0,0.0,5-8,0-15,5-8|MU0,5-8|def0,20,19,19.0,15.0,0.9090909090909091,0.7272727272727273,3.0,1.0,0.3333333333333333,standard,goal,right,15.0,0.0,IMG_3730.MOV,00:05,0.7
8_P0021,8,hinsdale_central,ilhs_1,4,nan,,,IL HS,IL HS,6v6,set,shot,goal,goal,True,False,False,False,False,False,False,False,1.0,def1,1.0,right,0.650000,0.066667,3.162,71.56,71.56,226.27272,0-5,45-90,0-5|MU0,0-5|def1,21,20,20.0,16.0,0.9130434782608695,0.7391304347826086,3.0,2.0,0.5,standard,goal,right,13.0,2.0,IMG_3731.MOV,00:31,0.7
8_P0022,8,hinsdale_central,ilhs_1,4,nan,,,IL HS,IL HS,6v6,perimeter,shot,shot_no_goal,post/bar,True,False,False,False,False,False,False,False,1.0,def1,0.5,right,0.450000,0.533333,8.062,-7.13,7.13,57.48206,8-10,0-15,8-10|MU0,8-10|def1,22,21,21.0,17.0,0.9166666666666666,0.75,3.0,2.0,0.5,standard,post/bar,right,10.0,2.0,IMG_3733.MOV,00:13,0.7
8_P0023,8,hinsdale_central,ilhs_1,4,nan,,,IL HS,IL HS,6v6,perimeter,shot,shot_no_goal,post/bar,True,False,False,False,False,False,False,False,1.0,def1,1.0,left,0.350000,0.066667,3.162,-71.56,71.56,226.27272,0-5,45-90,0-5|MU0,0-5|def1,23,22,22.0,17.0,0.92,0.72,3.0,2.0,0.5,lob,post/bar,right,8.0,6.0,IMG_3734.MOV,00:44,0.7
9_P0001,9,midwest_zone,ca_1,,nan,,,ODP Zone,ODP Zone,6v6,perimeter,shot,shot_no_goal,missed,True,False,False,False,False,False,False,False,1.0,def1,1.0,right,0.650000,0.533333,8.544,20.56,20.56,175.66464,8-10,15-30,8-10|MU0,8-10|def1,1,0,0.0,0.0,0.3333333333333333,0.3333333333333333,0.0,0.0,0.3333333333333333,standard,missed,right,5.0,2.0,IMG_1525.MOV,00:24,0.7
9_P0002,9,midwest_zone,ca_1,,nan,,,ODP Zone,ODP Zone,6v6,man-up,shot,goal,goal,True,False,False,False,True,False,False,False,1.0,def1,1.0,center,0.500000,0.400000,6.0,0.0,0.0,0.0,5-8,0-15,5-8|MU1,5-8|def1,2,1,1.0,0.0,0.5,0.25,1.0,0.0,0.25,skip,goal,right,5.0,9.0,IMG_1531.MOV,00:45,0.7
9_P0003,9,midwest_zone,ca_1,,nan,,,ODP Zone,ODP Zone,6v6,counter,shot,goal,goal,True,False,False,False,False,False,False,False,1.0,def1,0.5,center,0.650000,0.133333,3.606,56.31,56.31,203.05386000000001,0-5,45-90,0-5|MU0,0-5|def1,3,2,2.0,1.0,0.6,0.4,2.0,1.0,0.4,standard,goal,right,15.0,1.0,IMG_1540.MOV,00:06,0.7
9_P0004,9,midwest_zone,ca_1,,nan,,,ODP Zone,ODP Zone,6v6,perimeter,shot,shot_no_goal,post/bar,True,False,False,False,False,False,False,False,1.0,def1,0.5,left,0.700000,0.266667,5.657,45.0,45.0,254.565,5-8,45-90,5-8|MU0,5-8|def1,4,3,3.0,2.0,0.6666666666666666,0.5,3.0,2.0,0.5,standard,post/bar,right,14.0,6.0,IMG_1543.MOV,01:10,0.7
9_P0005,9,midwest_zone,ca_1,,nan,,,ODP Zone,ODP Zone,6v6,drive,shot,shot_no_goal,field block,True,False,False,False,False,False,False,False,1.0,def1,1.0,left,0.350000,0.200000,4.243,-45.0,45.0,190.935,0-5,45-90,0-5|MU0,0-5|def1,5,4,4.0,2.0,0.7142857142857143,0.42857142857142855,3.0,2.0,0.5,standard,field block,right,15.0,6.0,IMG_1552.MOV,00:34,0.7
9_P0006,9,midwest_zone,ca_1,,nan,,,ODP Zone,ODP Zone,6v5,man-up,shot,shot_no_goal,blocked (GK),True,False,False,False,True,False,False,False,1.0,def1,1.0,center,0.550000,0.333333,5.099,11.31,11.31,57.66969,5-8,0-15,5-8|MU1,5-8|def1,6,5,5.0,2.0,0.75,0.375,3.0,1.0,0.3333333333333333,standard,blocked (GK),right,5.0,4.0,IMG_1553.MOV,00:45,0.7
9_P0007,9,midwest_zone,ca_1,,nan,,,ODP Zone,ODP Zone,6v6,perimeter,shot,shot_no_goal,blocked (GK),True,False,False,False,False,False,False,False,1.0,def1,0.5,left,0.250000,0.266667,6.403,-51.34,51.34,328.73002,5-8,45-90,5-8|MU0,5-8|def1,7,6,6.0,2.0,0.7777777777777778,0.3333333333333333,3.0,0.0,0.16666666666666666,skip,blocked (GK),right,3.0,4.0,IMG_1555.MOV,00:15,0.7
