possession_id,game_id,period,time_remaining,man_state,is_man_up,empty_net,shooter_x,shooter_y,distance_m,angle_deg,defender_count,goalie_distance_m,goalie_lateral,attack_type,shot_type,shooter_handedness,player_number,possession_passes,shot_result,video_file,video_timestamp_mmss,distance_bin_model,dist_x_manup_model,dist_x_defbin_model
1_P0001,1,1,06:50,6v6,False,False,3.7007,3.4998,5.093503757729055,46.598185769256816,1,1.0,right,counter,standard,right,7,1,goal,IMG_6154.MOV,00:18,4-6,4-6|MU0,4-6|1
1_P0002,1,1,06:17,6v6,False,False,2.4488,7.364,7.760484356017993,18.39385784192125,1,1.0,center,perimeter,standard,right,11,0,goal,IMG_6155.MOV,00:39,6-8,6-8|MU0,6-8|1
1_P0003,1,1,05:51,6v6,False,False,3.957,5.9338,7.1321687753445655,33.69764297295745,2,1.5,right,counter,standard,right,7,1,post/bar,IMG_6156.MOV,00:26,6-8,6-8|MU0,6-8|2
1_P0006,1,1,03:33,6v6,False,False,3.8437,2.5482,4.611654034074976,56.457414293125915,1,1.0,right,perimeter,standard,right,4,9,goal,IMG_6162.MOV,00:31,4-6,4-6|MU0,4-6|1
1_P0007,1,1,02:55,6v6,False,False,4.0352,3.7012,5.475556636543905,47.47206894080216,1,0.5,right,perimeter,standard,right,4,6,blocked (GK),IMG_6164.MOV,00:17,4-6,4-6|MU0,4-6|1
1_P0008,1,1,02:44,6v6,False,False,0.75,0.4,7.81,39.81,1,0.5,right,perimeter,lob,right,4,2,post/bar,IMG_6165.MOV,00:11,6-8,6-8|MU0,6-8|1
1_P0009,1,1,02:27,6v6,False,False,0.4,0.4666666667,7.28,-15.95,1,1.0,center,perimeter,standard,right,5,3,missed,IMG_6166.MOV,00:16,6-8,6-8|MU0,6-8|1
1_P0011,1,1,01:08,6v6,False,False,0.55,0.2,3.162,18.43,0,1.0,right,broken play,standard,right,4,5,goal,IMG_6169.MOV,00:24,2-4,2-4|MU0,2-4|0
1_P0012,1,1,00:38,6v6,False,False,0.45,0.06666666667,1.414,-45.0,2,0.0,right,broken play,tip/deflection,right,3,4,goal,IMG_6171.MOV,00:17,0-2,0-2|MU0,0-2|2
1_P0013,1,2,06:35,6v6,False,False,0.85,0.2,7.616,66.8,2,0.5,right,perimeter,lob,right,7,6,missed,IMG_6173.MOV,00:34,6-8,6-8|MU0,6-8|2
1_P0014,1,2,05:54,6v6,False,False,0.8,0.2,6.708,63.43,1,0.5,right,perimeter,standard,right,7,2,missed,IMG_6175.MOV,00:16,6-8,6-8|MU0,6-8|1
1_P0015,1,2,05:28,6v6,False,False,0.4,0.2666666667,4.472,-26.57,3,1.0,left,set,standard,right,3,3,missed,IMG_6177.MOV,00:13,4-6,4-6|MU0,4-6|3
1_P0016,1,2,04:48,6v6,False,False,0.6,0.3333333333,5.385,21.8,1,1.0,center,perimeter,standard,right,4,3,blocked (GK),IMG_6179.MOV,00:10,4-6,4-6|MU0,4-6|1
1_P0017,1,2,03:59,6v6,False,False,0.5,0.1333333333,2.0,0.0,2,1.0,center,set,standard,right,3,4,goal,IMG_6181.MOV,00:20,0-2,0-2|MU0,0-2|2
1_P0018,1,2,03:06,6v6,False,False,0.2,0.2666666667,7.211,-56.31,1,1.0,left,perimeter,skip,right,12,4,goal,IMG_6183.MOV,00:26,6-8,6-8|MU0,6-8|1
1_P0019,1,2,02:28,6v6,False,False,0.35,0.3333333333,5.831,-30.96,2,1.0,left,perimeter,skip,right,14,3,post/bar,IMG_6184.MOV,00:38,4-6,4-6|MU0,4-6|2
1_P0020,1,2,01:38,6v6,False,False,0.25,0.2,5.831,-59.04,1,0.5,left,perimeter,standard,right,12,2,blocked (GK),IMG_6186.MOV,00:41,4-6,4-6|MU0,4-6|1
1_P0021,1,3,06:21,6v6,False,False,0.8,0.4,8.485,45.0,1,1.0,right,perimeter,standard,right,4,3,field block,IMG_6189.MOV,00:10,8-10,8-10|MU0,8-10|1
1_P0022,1,3,05:35,6v6,False,False,0.7,0.2666666667,5.657,45.0,2,1.0,right,perimeter,lob,right,4,1,goal,IMG_6190.MOV,00:15,4-6,4-6|MU0,4-6|2
1_P0023,1,3,04:21,6v6,False,False,0.55,0.4,6.083,9.46,1,1.5,center,perimeter,standard,right,7,2,blocked (GK),IMG_6194.MOV,00:09,6-8,6-8|MU0,6-8|1
1_P0024,1,3,03:44,6v6,False,False,0.35,0.2666666667,5.0,-36.87,1,1.0,left,counter,skip,right,12,0,post/bar,IMG_6196.MOV,00:06,4-6,4-6|MU0,4-6|1
1_P0025,1,3,03:08,6v6,False,False,0.4,0.1333333333,2.828,-45.0,1,1.5,left,counter,skip,right,3,1,goal,IMG_6197.MOV,00:27,2-4,2-4|MU0,2-4|1
1_P0026,1,4,06:31,6v6,False,False,0.55,0.2,3.162,18.43,1,1.5,right,counter,lob,right,3,1,goal,IMG_6200.MOV,00:05,2-4,2-4|MU0,2-4|1
1_P0027,1,4,05:53,6v6,False,False,0.45,0.1333333333,2.236,-26.57,2,1.0,left,set,standard,right,3,5,goal,IMG_6202.MOV,00:15,2-4,2-4|MU0,2-4|2
1_P0028,1,4,05:24,6v6,False,False,0.3,0.1333333333,4.472,-63.43,1,0.5,left,perimeter,skip,right,6,2,missed,IMG_6204.MOV,00:23,4-6,4-6|MU0,4-6|1
1_P0029,1,4,04:28,6v6,False,False,0.55,0.1333333333,2.236,26.57,0,1.0,center,counter,standard,right,4,1,goal,IMG_6207.MOV,00:10,2-4,2-4|MU0,2-4|0
10_P0001,10,,,6v5,True,False,0.65,0.266667,5.0,36.87,1,0.5,right,man-up,standard,right,19,7,post/bar,IMG_5045.MOV,00:16,4-6,4-6|MU1,4-6|1
10_P0002,10,,,6v5,True,False,0.5,0.4,6.0,0.0,1,0.5,center,man-up,standard,right,5,3,goal,IMG_5045.MOV,00:27,4-6,4-6|MU1,4-6|1
10_P0003,10,,,6v6,False,False,0.65,0.4,6.708,26.57,1,1.5,right,perimeter,lob,right,11,3,goal,IMG_5047.MOV,00:11,6-8,6-8|MU0,6-8|1
10_P0004,10,,,6v6,False,False,0.5,0.266667,4.0,0.0,0,1.5,center,counter,standard,right,10,0,goal,IMG_5053.MOV,00:04,2-4,2-4|MU0,2-4|0
10_P0005,10,,,6v6,False,False,0.5,0.2,3.0,0.0,0,2.0,center,counter,standard,right,11,1,goal,IMG_5056.MOV,00:21,2-4,2-4|MU0,2-4|0
10_P0006,10,,,6v6,False,False,0.45,0.266667,4.123,-14.04,0,2.0,left,counter,standard,right,11,0,blocked (GK),IMG_5057.MOV,00:23,4-6,4-6|MU0,4-6|0
10_P0007,10,,,6v6,False,False,0.5,0.4,6.0,0.0,1,0.5,center,perimeter,standard,right,8,5,goal,IMG_5059.MOV,00:33,4-6,4-6|MU0,4-6|1
10_P0008,10,,,6v6,False,False,0.35,0.2,4.243,-45.0,0,0.5,center,counter,standard,right,11,1,goal,IMG_5060.MOV,00:32,4-6,4-6|MU0,4-6|0
10_P0009,10,,,6v5,True,False,0.75,0.133333,5.385,68.2,1,0.5,right,man-up,standard,right,5,8,post/bar,IMG_5063.MOV,00:34,4-6,4-6|MU1,4-6|1
10_P0010,10,,,6v5,True,False,0.65,0.266667,5.0,36.87,2,0.5,left,man-up,skip,right,10,2,goal,IMG_5063.MOV,00:39,4-6,4-6|MU1,4-6|2
10_P0011,10,,,6v6,False,False,0.3,0.133333,4.472,-63.44,1,0.5,left,perimeter,standard,right,9,5,post/bar,IMG_5065.MOV,00:31,4-6,4-6|MU0,4-6|1
10_P0012,10,,,6v6,False,False,0.5,0.333333,5.0,0.0,0,0.0,center,5m penalty,skip,right,8,0,blocked (GK),IMG_5066.MOV,00:01,4-6,4-6|MU0,4-6|0
10_P0013,10,,,6v6,False,False,0.45,0.266667,4.123,-14.04,1,0.5,left,broken play,standard,right,10,2,goal,IMG_5069.MOV,00:15,4-6,4-6|MU0,4-6|1
10_P0014,10,,,6v6,False,False,0.6,0.4,6.325,18.43,1,1.0,right,perimeter,standard,right,8,5,goal,IMG_5071.MOV,00:27,6-8,6-8|MU0,6-8|1
10_P0015,10,,,6v5,True,False,0.5,0.4,6.0,0.0,1,1.0,center,man-up,standard,right,12,10,missed,IMG_5074.MOV,00:56,4-6,4-6|MU1,4-6|1
10_P0016,10,,,6v6,False,False,0.6,0.2,3.606,33.69,1,1.5,right,counter,lob,right,9,1,field block,IMG_5078.MOV,00:37,2-4,2-4|MU0,2-4|1
10_P0017,10,,,6v6,False,False,0.35,0.266667,5.0,-36.87,1,0.5,left,broken play,standard,right,11,6,field block,IMG_5081.MOV,00:34,4-6,4-6|MU0,4-6|1
10_P0018,10,,,6v6,False,False,0.4,0.133333,2.828,-45.0,1,1.0,left,counter,standard,right,5,1,goal,IMG_5083.MOV,00:07,2-4,2-4|MU0,2-4|1
10_P0019,10,,,6v6,False,False,0.5,0.333333,5.0,0.0,0,1.0,center,5m penalty,standard,right,11,0,goal,IMG_5086.MOV,00:04,4-6,4-6|MU0,4-6|0
10_P0020,10,,,6v6,False,False,0.6,0.133333,2.828,45.0,0,0.5,right,broken play,standard,right,9,5,goal,IMG_5088.MOV,00:30,2-4,2-4|MU0,2-4|0
10_P0021,10,,,6v6,False,False,0.5,0.333333,5.0,0.0,0,0.5,center,5m penalty,skip,right,10,0,goal,IMG_5091.MOV,00:02,4-6,4-6|MU0,4-6|0
10_P0022,10,,,6v5,True,False,0.55,0.266667,4.123,14.04,0,0.5,center,man-up,standard,right,15,7,goal,IMG_5094.MOV,00:18,4-6,4-6|MU1,4-6|0
10_P0023,10,,,6v6,False,False,0.55,0.266667,4.123,14.04,1,0.5,left,broken play,lob,right,11,0,blocked (GK),IMG_5100.MOV,00:11,4-6,4-6|MU0,4-6|1
10_P0024,10,,,6v6,False,False,0.5,0.333333,5.0,0.0,0,0.5,center,5m penalty,skip,right,10,0,blocked (GK),IMG_5103.MOV,00:01,4-6,4-6|MU0,4-6|0
10_P0025,10,,,6v6,False,False,0.7,0.066667,4.123,75.96,1,0.5,right,perimeter,standard,right,12,3,post/bar,IMG_5107.MOV,00:20,4-6,4-6|MU0,4-6|1
10_P0026,10,,,6v6,False,False,0.55,0.2,3.162,18.43,2,0.5,left,counter,standard,right,9,1,goal,IMG_5111.MOV,00:13,2-4,2-4|MU0,2-4|2
10_P0027,10,,,6v6,False,False,0.3,0.2,5.0,-53.13,1,0.5,left,perimeter,standard,right,12,3,goal,IMG_5113.MOV,00:20,4-6,4-6|MU0,4-6|1
11_P0001,11,1,,6v6,False,False,0.65,0.133333,3.606,56.31,0,0.5,right,counter,standard,right,9,0,goal,IMG_2070.MOV,00:05,2-4,2-4|MU0,2-4|0
11_P0002,11,,,6v6,False,False,0.3,0.266667,5.657,-45.0,1,0.5,left,perimeter,lob,right,20,2,goal,IMG_2071.MOV,00:39,4-6,4-6|MU0,4-6|1
11_P0003,11,,,6v6,False,False,0.8,0.4,8.485,45.0,1,0.5,right,perimeter,standard,right,10,3,missed,IMG_2073.MOV,00:20,8-10,8-10|MU0,8-10|1
11_P0004,11,,,6v6,False,False,0.75,0.333333,7.071,45.0,1,0.5,right,perimeter,standard,right,13,4,missed,IMG_2077.MOV,00:39,6-8,6-8|MU0,6-8|1
11_P0005,11,,,6v5,True,False,0.4,0.133333,2.828,-45.0,1,0.0,left,man-up,standard,right,9,2,goal,IMG_2078.MOV,00:42,2-4,2-4|MU1,2-4|1
11_P0006,11,,,6v6,False,False,0.55,0.2,3.162,18.43,3,0.0,right,set,standard,right,9,6,goal,IMG_2081.MOV,00:28,2-4,2-4|MU0,2-4|3
11_P0007,11,,,6v5,True,False,0.8,0.266667,7.211,56.31,1,0.0,right,man-up,standard,right,10,2,missed,IMG_2084.MOV,00:39,6-8,6-8|MU1,6-8|1
11_P0008,11,,,6v6,False,False,0.25,0.133333,5.385,-68.2,1,0.5,left,perimeter,standard,right,20,3,post/bar,IMG_2088.MOV,00:17,4-6,4-6|MU0,4-6|1
11_P0009,11,,,6v6,False,False,0.5,0.466667,7.0,0.0,1,0.5,center,perimeter,standard,right,2,5,goal,IMG_2093.MOV,00:17,6-8,6-8|MU0,6-8|1
11_P0010,11,,,6v5,True,False,0.35,0.4,6.708,-26.57,1,0.5,left,man-up,standard,right,20,5,missed,IMG_2096.MOV,01:08,6-8,6-8|MU1,6-8|1
11_P0011,11,,,6v5,True,False,0.7,0.133333,4.472,63.44,1,0.5,right,man-up,standard,right,9,4,goal,IMG_2098.MOV,00:39,4-6,4-6|MU1,4-6|1
11_P0012,11,4,,6v6,False,False,1.0,0.8,15.62,39.81,1,0.5,center,perimeter,standard,right,10,2,goal,IMG_2102.MOV,00:09,15+,15+|MU0,15+|1
12_P0001,12,,,6v6,False,False,1.0,0.733,14.862,42.29,1,1.5,center,perimeter,standard,right,4,2,goal,IMG_6444.MOV,00:18,10-15,10-15|MU0,10-15|1
12_P0002,12,,,6v6,False,False,0.25,0.733,12.078,-24.45,1,1.5,left,perimeter,skip,right,7,1,goal,IMG_6421.MOV,00:28,10-15,10-15|MU0,10-15|1
12_P0003,12,,,6v6,False,False,0.5,0.667,10.005,0.0,1,1.0,center,perimeter,standard,right,6,2,post/bar,IMG_6471.MOV,00:34,10-15,10-15|MU0,10-15|1
12_P0004,12,,,6v6,False,False,0.2,0.267,7.214,-56.28,1,1.0,left,perimeter,standard,left,8,0,blocked (GK),IMG_6462.MOV,00:15,6-8,6-8|MU0,6-8|1
13_P0001,13,,,6v6,False,False,0.5,1.0,15.0,0.0,1,0.5,center,perimeter,standard,right,3,0,blocked (GK),IMG_6394.MOV,00:04,10-15,10-15|MU0,10-15|1
13_P0002,13,,,6v6,False,False,0.5,0.667,10.005,0.0,1,0.5,center,perimeter,standard,right,3,0,goal,IMG_6391.MOV,00:18,10-15,10-15|MU0,10-15|1
14_P0001,14,,,6v6,False,False,0.8,0.133,6.323,71.61,1,1.0,center,perimeter,skip,right,7,5,goal,IMG_0077.MOV,00:21,6-8,6-8|MU0,6-8|1
15_P0001,15,,,6v5,True,False,0.8,0.2,6.708,63.43,0,0.5,center,man-up,standard,right,7,8,field block,IMG_0131.MOV,00:37,6-8,6-8|MU1,6-8|0
15_P0002,15,,,6v6,False,False,0.3,0.133,4.47,-63.49,1,0.5,left,perimeter,skip,right,10,5,goal,IMG_0135.MOV,00:13,4-6,4-6|MU0,4-6|1
2_P0001,2,1,06:04,6v6,False,False,0.65,0.4666666667,7.616,23.2,1,1.0,right,counter,standard,right,7,0,goal,IMG_6117.MOV,00:07,6-8,6-8|MU0,6-8|1
2_P0002,2,1,06:33,6v6,False,False,0.5,0.3333333333,5.0,0.0,1,2.0,center,counter,lob,right,3,1,goal,IMG_6115.MOV,00:06,4-6,4-6|MU0,4-6|1
2_P0003,2,1,05:29,6v6,False,False,0.55,0.4,6.083,9.46,0,1.0,center,counter,skip,right,3,1,missed,IMG_6119.MOV,00:08,6-8,6-8|MU0,6-8|0
2_P0004,2,1,04:33,6v6,False,False,0.55,0.2,3.162,18.43,1,1.5,center,counter,lob,right,4,1,goal,IMG_6123.MOV,00:05,2-4,2-4|MU0,2-4|1
2_P0005,2,1,03:29,6v6,False,False,0.5,0.4,6.0,0.0,0,0.5,center,perimeter,standard,right,4,11,blocked (GK),IMG_6125.MOV,00:43,4-6,4-6|MU0,4-6|0
2_P0006,2,1,02:50,6v6,False,False,0.6,0.2,3.606,33.69,0,2.0,right,counter,lob,right,7,0,goal,IMG_6127.MOV,00:06,2-4,2-4|MU0,2-4|0
2_P0007,2,2,06:43,6v6,False,False,0.65,0.2666666667,5.0,36.87,1,0.5,right,set,skip,right,6,5,blocked (GK),IMG_6128.MOV,00:22,4-6,4-6|MU0,4-6|1
2_P0009,2,2,05:54,6v6,False,False,0.75,0.2,5.831,59.04,1,2.0,right,counter,lob,right,6,1,goal,IMG_6130.MOV,00:35,4-6,4-6|MU0,4-6|1
2_P0010,2,2,05:12,6v6,False,False,0.5,0.3333333333,5.0,0.0,0,2.0,center,counter,lob,right,3,1,goal,IMG_6132.MOV,00:05,4-6,4-6|MU0,4-6|0
2_P0012,2,2,03:45,6v6,False,False,0.55,0.1333333333,2.236,26.57,1,1.5,right,counter,standard,right,7,1,goal,IMG_6136.MOV,00:11,2-4,2-4|MU0,2-4|1
2_P0013,2,3,06:35,6v6,False,False,0.6,0.2,3.606,33.69,2,0.5,right,set,standard,right,7,4,missed,IMG_6137.MOV,00:31,2-4,2-4|MU0,2-4|2
2_P0014,2,3,05:46,6v6,False,False,0.45,0.4666666667,7.071,-8.13,1,1.0,left,perimeter,standard,right,5,3,post/bar,IMG_6139.MOV,00:21,6-8,6-8|MU0,6-8|1
2_P0017,2,3,04:26,6v6,False,False,0.6,0.1333333333,2.828,45.0,1,1.0,center,counter,standard,right,4,1,goal,IMG_6141.MOV,00:20,2-4,2-4|MU0,2-4|1
2_P0018,2,3,03:53,6v6,False,False,0.6,0.1333333333,2.828,45.0,1,1.0,right,perimeter,standard,right,7,4,goal,IMG_6142.MOV,00:31,2-4,2-4|MU0,2-4|1
2_P0019,2,4,06:49,6v6,False,False,0.4,0.2,3.606,-33.69,2,2.0,left,broken play,lob,right,12,3,post/bar,IMG_6143.MOV,00:14,2-4,2-4|MU0,2-4|2
2_P0020,2,4,06:12,6v6,False,False,0.5,0.2,3.0,0.0,1,1.5,center,counter,standard,right,3,3,blocked (GK),IMG_6144.MOV,00:32,2-4,2-4|MU0,2-4|1
2_P0022,2,4,05:23,6v6,False,False,0.5,0.06666666667,1.0,0.0,0,0.5,center,counter,standard,right,5,1,goal,IMG_6146.MOV,00:35,0-2,0-2|MU0,0-2|0
2_P0024,2,4,04:13,6v6,False,False,0.65,0.06666666667,3.162,71.57,0,1.0,center,counter,standard,right,4,1,goal,IMG_6150.MOV,00:24,2-4,2-4|MU0,2-4|0
3_P0001,3,1,06:46,6v6,False,False,0.55,0.4666666667,7.071,8.13,1,0.5,center,perimeter,standard,right,4,4,blocked (GK),IMG_0157.MOV,00:27,6-8,6-8|MU0,6-8|1
3_P0002,3,1,06:10,6v6,False,False,0.35,0.3333333333,5.831,-30.96,1,0.5,left,counter,standard,right,6,0,goal,IMG_0159.MOV,00:02,4-6,4-6|MU0,4-6|1
3_P0004,3,1,04:47,6v6,False,False,0.5,0.4,6.0,0.0,1,0.5,center,perimeter,standard,right,4,4,goal,IMG_0165.MOV,00:21,4-6,4-6|MU0,4-6|1
3_P0005,3,1,04:04,6v6,False,False,0.35,0.2,4.243,-45.0,2,0.5,left,set,standard,left,2,4,goal,IMG_0168.MOV,00:17,4-6,4-6|MU0,4-6|2
3_P0006,3,2,06:13,6v6,False,False,0.55,0.2666666667,4.123,14.04,1,1.0,center,broken play,tip/deflection,right,5,3,missed,IMG_0172.MOV,00:15,4-6,4-6|MU0,4-6|1
3_P0007,3,2,05:11,6v6,False,False,0.35,0.4,6.708,-26.57,2,0.5,left,perimeter,standard,right,6,1,field block,IMG_0176.MOV,00:08,6-8,6-8|MU0,6-8|2
3_P0008,3,2,05:09,6v6,False,False,0.5,0.3333333333,5.0,0.0,0,0.0,center,5m penalty,standard,right,6,0,goal,IMG_0177.MOV,00:04,4-6,4-6|MU0,4-6|0
3_P0009,3,2,03:21,6v6,False,False,0.3,0.2,5.0,-53.13,1,0.5,left,perimeter,skip,left,2,10,goal,IMG_0179.MOV,00:32,4-6,4-6|MU0,4-6|1
3_P0010,3,3,06:36,6v6,False,False,0.75,0.1333333333,5.385,68.2,1,0.5,center,perimeter,standard,right,7,6,blocked (GK),IMG_0181.MOV,00:31,4-6,4-6|MU0,4-6|1
3_P0011,3,3,05:48,6v6,False,False,0.75,0.2,5.831,59.04,1,0.5,right,perimeter,standard,right,10,5,blocked (GK),IMG_0183.MOV,00:30,4-6,4-6|MU0,4-6|1
3_P0014,3,3,04:24,6v4,True,False,0.6,0.2,3.606,33.69,1,1.0,right,man-up,standard,right,4,2,goal,IMG_0185.MOV,00:48,2-4,2-4|MU1,2-4|1
3_P0015,3,3,03:17,6v6,False,False,0.2,0.4,8.485,-45.0,0,0.5,right,perimeter,standard,right,7,2,missed,IMG_0187.MOV,00:11,8-10,8-10|MU0,8-10|0
3_P0016,3,3,02:37,6v6,False,False,0.75,0.1333333333,5.385,68.2,0,0.5,right,perimeter,skip,right,7,3,goal,IMG_0189.MOV,00:20,4-6,4-6|MU0,4-6|0
3_P0017,3,4,06:09,6v6,False,False,0.65,0.06666666667,3.162,71.57,1,0.5,center,broken play,tip/deflection,right,4,3,field block,IMG_0196.MOV,00:18,2-4,2-4|MU0,2-4|1
3_P0018,3,4,04:44,6v6,False,False,0.5,0.1333333333,2.0,0.0,1,0.5,left,set,tip/deflection,left,2,3,blocked (GK),IMG_0200.MOV,00:19,0-2,0-2|MU0,0-2|1
3_P0020,3,4,03:23,6v6,False,False,0.5,0.4666666667,7.0,0.0,1,1.5,center,perimeter,standard,right,4,1,blocked (GK),IMG_0204.MOV,00:10,6-8,6-8|MU0,6-8|1
4_P0001,4,1,,6v6,False,False,0.5,0.4,6.0,0.0,1,0.5,center,perimeter,skip,right,2,3,blocked (GK),IMG_2598.MOV,00:21,4-6,4-6|MU0,4-6|1
4_P0002,4,1,,6v6,False,False,0.55,0.2,3.162,18.43,2,0.5,right,set,skip,right,10,4,goal,IMG_2600.MOV,00:16,2-4,2-4|MU0,2-4|2
4_P0004,4,1,,6v5,True,False,0.4,0.4,6.325,-18.43,1,0.5,left,man-up,skip,right,2,3,field block,IMG_2604.MOV,00:34,6-8,6-8|MU1,6-8|1
4_P0005,4,1,,6v6,False,False,0.3,0.2666666667,5.657,-45.0,2,0.5,left,perimeter,skip,right,2,8,field block,IMG_2606.MOV,00:21,4-6,4-6|MU0,4-6|2
4_P0006,4,1,,6v6,False,False,0.6,0.5333333333,8.246,14.04,1,0.5,right,perimeter,standard,right,3,4,field block,IMG_2608.MOV,00:31,8-10,8-10|MU0,8-10|1
4_P0008,4,2,,6v6,False,False,0.5,0.2666666667,4.0,0.0,2,0.5,center,set,standard,right,10,2,post/bar,IMG_2612.MOV,00:16,2-4,2-4|MU0,2-4|2
4_P0009,4,2,,6v6,False,False,0.45,0.1333333333,2.236,-26.57,1,1.0,left,counter,standard,right,10,1,blocked (GK),IMG_2613.MOV,00:15,2-4,2-4|MU0,2-4|1
4_P0012,4,2,,6v6,False,False,0.4,0.4,6.325,-18.43,1,0.5,left,perimeter,skip,right,2,4,goal,IMG_2618.MOV,00:19,6-8,6-8|MU0,6-8|1
4_P0014,4,3,,6v6,False,False,0.45,0.2666666667,4.123,-14.04,0,0.5,center,perimeter,standard,right,9,3,post/bar,IMG_2622.MOV,00:43,4-6,4-6|MU0,4-6|0
4_P0015,4,3,,6v6,False,False,0.6,0.2666666667,4.472,26.57,2,0.5,right,set,standard,right,12,6,field block,IMG_2624.MOV,00:28,4-6,4-6|MU0,4-6|2
4_P0017,4,3,,6v6,False,False,0.75,0.4,7.81,39.81,1,0.5,right,perimeter,lob,right,3,1,post/bar,IMG_2626.MOV,00:45,6-8,6-8|MU0,6-8|1
4_P0018,4,3,,6v7,False,True,0.5,1.0,15.0,0.0,0,,,other,standard,right,1,0,goals,IMG_2628.MOV,00:14,10-15,10-15|MU0,10-15|0
4_P0020,4,4,,6v6,False,False,0.25,0.1333333333,5.385,-68.2,1,0.0,left,perimeter,standard,right,9,3,goal,IMG_2633.MOV,00:23,4-6,4-6|MU0,4-6|1
4_P0021,4,4,,6v6,False,False,0.85,0.2666666667,8.062,60.26,1,0.5,center,perimeter,standard,right,3,4,field block,IMG_2635.MOV,00:19,8-10,8-10|MU0,8-10|1
4_P0022,4,4,,6v6,False,False,0.2,0.2,6.708,-63.43,1,0.5,center,perimeter,standard,right,5,6,missed,IMG_2636.MOV,00:37,6-8,6-8|MU0,6-8|1
4_P0023,4,4,,6v6,False,False,0.5,0.4,6.0,0.0,1,0.5,center,perimeter,standard,right,3,5,blocked (GK),IMG_2638.MOV,00:31,4-6,4-6|MU0,4-6|1
4_P0024,4,4,,6v6,False,False,0.55,0.1333333333,2.236,26.57,1,0.5,right,broken play,standard,right,12,0,blocked (GK),IMG_2638.MOV,00:34,2-4,2-4|MU0,2-4|1
4_P0025,4,4,,6v6,False,False,0.45,0.06666666667,1.414,-45.0,1,0.5,right,broken play,other,right,5,0,goal,IMG_2638.MOV,00:35,0-2,0-2|MU0,0-2|1
5_P0002,5,,,6v6,False,False,0.35,0.4,6.708,-26.57,1,1.0,left,perimeter,standard,right,15,7,missed,IMG_2645.MOV,00:31,6-8,6-8|MU0,6-8|1
5_P0010,5,,,6v6,False,False,0.2,0.4666666667,9.22,-40.6,1,1.0,left,perimeter,standard,right,15,3,blocked (GK),IMG_2658.MOV,00:45,8-10,8-10|MU0,8-10|1
5_P0012,5,,,6v5,True,False,0.75,0.2666666667,6.403,51.34,1,0.5,right,man-up,skip,right,3,9,post/bar,IMG_2663.MOV,00:55,6-8,6-8|MU1,6-8|1
5_P0014,5,,,6v6,False,False,0.45,0.2,3.162,-18.43,1,1.5,center,counter,skip,right,15,1,goal,IMG_2667.MOV,00:09,2-4,2-4|MU0,2-4|1
5_P0016,5,,,6v6,False,False,0.5,0.4666666667,7.0,0.0,1,1.0,center,perimeter,standard,right,5,6,blocked (GK),IMG_2675.MOV,00:36,6-8,6-8|MU0,6-8|1
5_P0017,5,,,6v6,False,False,0.35,0.4,6.708,-26.57,1,1.0,left,perimeter,standard,right,15,2,goal,IMG_2677.MOV,00:20,6-8,6-8|MU0,6-8|1
5_P0018,5,,,6v6,False,False,0.7,0.2,5.0,53.13,1,1.0,right,counter,standard,right,2,0,blocked (GK),IMG_2678.MOV,00:42,4-6,4-6|MU0,4-6|1
5_P0019,5,,,6v6,False,False,0.5,0.06666666667,1.0,0.0,0,1.0,right,broken play,tip/deflection,right,12,0,goal,IMG_2678.MOV,00:44,0-2,0-2|MU0,0-2|0
5_P0020,5,,,6v6,False,False,0.7,0.4,7.211,33.69,0,1.0,right,perimeter,standard,right,12,2,blocked,IMG_2680.MOV,00:18,6-8,6-8|MU0,6-8|0
5_P0023,5,,,6v6,False,False,0.5,0.4,6.0,0.0,1,0.0,center,perimeter,skip,right,5,5,goal,IMG_2687.MOV,00:26,4-6,4-6|MU0,4-6|1
6_P0001,6,1,,6v6,False,False,0.6,0.3333333333,5.385,21.8,0,1.0,right,broken play,skip,right,14,0,blocked (GK),IMG_4559.MOV,00:52,4-6,4-6|MU0,4-6|0
6_P0003,6,,,6v6,False,False,0.4,0.4666666667,7.28,-15.95,1,0.0,center,perimeter,standard,right,8,2,blocked (GK),IMG_4561.MOV,00:54,6-8,6-8|MU0,6-8|1
6_P0004,6,,,6v5,True,False,0.7,0.1333333333,4.472,63.43,1,0.5,right,man-up,skip,right,8,7,goal,IMG_4564.MOV,00:50,4-6,4-6|MU1,4-6|1
6_P0005,6,,,6v6,False,False,0.6,0.1333333333,2.828,45.0,1,0.5,center,set,standard,right,8,5,blocked (GK),IMG_4566.MOV,00:34,2-4,2-4|MU0,2-4|1
6_P0006,6,,,6v6,False,False,0.5,0.4666666667,7.0,0.0,1,1.0,center,perimeter,skip,right,8,6,post/bar,IMG_4567.MOV,00:35,6-8,6-8|MU0,6-8|1
6_P0009,6,,,6v6,False,False,0.5,0.2,3.0,0.0,1,0.5,center,broken play,skip,right,10,4,goal,IMG_4571.MOV,00:36,2-4,2-4|MU0,2-4|1
6_P0010,6,,,6v6,False,False,0.5,0.4,6.0,0.0,1,1.0,center,perimeter,skip,right,15,2,blocked (GK),IMG_4572.MOV,00:55,4-6,4-6|MU0,4-6|1
6_P0013,6,,,6v6,False,False,0.6,0.6,9.22,12.53,1,1.5,center,perimeter,skip,right,11,2,goal,IMG_4581.MOV,00:30,8-10,8-10|MU0,8-10|1
6_P0016,6,,,6v6,False,False,0.3,0.4,7.211,-33.69,0,0.5,left,perimeter,lob,right,12,2,blocked (GK),IMG_4587.MOV,00:22,6-8,6-8|MU0,6-8|0
6_P0018,6,,,6v6,False,False,0.5,0.2,3.0,0.0,1,1.0,center,set,tip/deflection,right,10,4,missed,IMG_4588.MOV,00:33,2-4,2-4|MU0,2-4|1
6_P0019,6,,,6v6,False,False,0.5,0.1333333333,2.0,0.0,1,0.5,center,broken play,tip/deflection,right,11,1,goal,IMG_4590.MOV,00:05,0-2,0-2|MU0,0-2|1
6_P0020,6,,,6v6,False,False,0.25,0.1333333333,5.385,-68.2,1,0.5,left,perimeter,standard,right,11,4,post/bar,IMG_4592.MOV,00:21,4-6,4-6|MU0,4-6|1
6_P0021,6,,,6v6,False,False,0.3,0.3333333333,6.403,-38.66,1,1.0,left,counter,standard,right,11,0,blocked (GK),IMG_4594.MOV,00:11,6-8,6-8|MU0,6-8|1
6_P0024,6,,,6v6,False,False,0.6,0.2666666667,4.472,26.57,1,1.5,right,set,backhand,right,10,4,missed,IMG_4600.MOV,00:18,4-6,4-6|MU0,4-6|1
6_P0025,6,,,6v6,False,False,0.6,0.4,6.325,18.43,1,1.0,right,perimeter,standard,right,15,5,blocked (GK),IMG_4611.MOV,00:23,6-8,6-8|MU0,6-8|1
7_P0003,7,,,6v6,False,False,0.2,0.133333,6.325,-71.57,1,0.5,center,perimeter,standard,left,3,7,goal,IMG_5620.MOV,00:33,6-8,6-8|MU0,6-8|1
7_P0004,7,,,6v6,False,False,0.65,0.466667,7.616,23.2,1,0.5,center,perimeter,lob,right,11,2,post/bar,IMG_5622.MOV,00:21,6-8,6-8|MU0,6-8|1
7_P0008,7,,,6v6,False,False,0.8,0.133333,6.325,71.57,1,0.0,right,perimeter,standard,right,2,6,blocked (GK),IMG_5634.MOV,00:45,6-8,6-8|MU0,6-8|1
7_P0009,7,,,6v6,False,False,0.3,0.133333,4.472,-63.44,1,0.5,center,counter,standard,right,6,1,goal,IMG_5635.MOV,00:26,4-6,4-6|MU0,4-6|1
7_P0013,7,,,6v6,False,False,0.5,0.6,9.0,0.0,1,1.0,center,broken play,standard,right,8,2,missed,IMG_5645.MOV,00:29,8-10,8-10|MU0,8-10|1
7_P0014,7,,,6v6,False,False,0.4,0.133333,2.828,-45.0,0,1.0,left,broken play,standard,right,2,2,blocked (GK),IMG_5652.MOV,00:13,2-4,2-4|MU0,2-4|0
7_P0015,7,,,6v6,False,False,0.3,0.2,5.0,-53.13,1,1.0,left,broken play,standard,right,2,2,blocked (GK),IMG_5652.MOV,00:45,4-6,4-6|MU0,4-6|1
7_P0016,7,,,6v6,False,False,0.3,0.4,7.211,-33.69,1,1.0,left,perimeter,lob,left,3,2,missed,IMG_5656.MOV,00:17,6-8,6-8|MU0,6-8|1
7_P0017,7,,,6v6,False,False,0.4,0.266667,4.472,-26.57,2,1.0,left,set,skip,right,10,2,goal,IMG_5658.MOV,00:23,4-6,4-6|MU0,4-6|2
7_P0019,7,,,other,False,False,0.5,0.333333,5.0,0.0,0,0.0,center,5m penalty,standard,right,10,0,goal,IMG_5660.MOV,00:05,4-6,4-6|MU0,4-6|0
7_P0021,7,,,6v5,True,False,0.45,0.4,6.083,-9.46,1,0.5,center,man-up,standard,right,11,6,goal,IMG_5662.MOV,00:34,6-8,6-8|MU1,6-8|1
7_P0022,7,,,6v6,False,False,0.4,0.2,3.606,-33.69,2,0.5,left,counter,skip,right,10,6,goal,IMG_5667.MOV,00:13,2-4,2-4|MU0,2-4|2
7_P0023,7,,,6v6,False,False,0.55,0.2,3.162,18.43,1,1.5,right,set,backhand,right,10,6,goal,IMG_5669.MOV,00:24,2-4,2-4|MU0,2-4|1
7_P0024,7,,,6v5,True,False,0.35,0.4,6.708,-26.57,0,0.5,right,man-up,standard,right,11,2,post/bar,IMG_5671.MOV,00:26,6-8,6-8|MU1,6-8|0
7_P0025,7,,,6v5,True,False,0.55,0.133333,2.236,26.57,2,0.5,left,man-up,punch/volley,right,10,3,goal,IMG_5673.MOV,00:26,2-4,2-4|MU1,2-4|2
7_P0026,7,,,6v6,False,False,0.4,0.2,3.606,-33.69,1,1.0,left,counter,skip,right,2,3,blocked (GK),IMG_5675.MOV,00:24,2-4,2-4|MU0,2-4|1
7_P0027,7,,,6v6,False,False,0.45,0.466667,7.071,-8.13,1,1.0,center,perimeter,standard,right,6,4,field block,IMG_5676.MOV,00:29,6-8,6-8|MU0,6-8|1
7_P0028,7,,,6v6,False,False,0.5,0.333333,5.0,0.0,0,0.0,center,5m penalty,standard,right,2,0,goal,IMG_5678.MOV,00:04,4-6,4-6|MU0,4-6|0
7_P0029,7,,,6v6,False,False,0.5,0.333333,5.0,0.0,0,0.0,center,5m penalty,standard,right,10,0,blocked (GK),IMG_5680.MOV,00:05,4-6,4-6|MU0,4-6|0
7_P0030,7,,,6v6,False,False,0.5,0.333333,5.0,0.0,0,0.0,center,5m penalty,standard,right,11,0,goal,IMG_5682.MOV,00:02,4-6,4-6|MU0,4-6|0
7_P0031,7,,,6v6,False,False,0.5,0.333333,5.0,0.0,0,0.0,center,5m penalty,skip,right,7,0,goal,IMG_5684.MOV,00:09,4-6,4-6|MU0,4-6|0
7_P0032,7,,,6v6,False,False,0.5,0.333333,5.0,0.0,0,0.0,center,5m penalty,skip,right,15,0,goal,IMG_5686.MOV,00:05,4-6,4-6|MU0,4-6|0
8_P0001,8,1,,6v6,False,False,0.6,0.133333,2.828,45.0,0,0.5,right,counter,standard,right,2,0,goal,IMG_3689.MOV,00:34,2-4,2-4|MU0,2-4|0
8_P0002,8,1,,6v6,False,False,0.4,0.133333,2.828,-45.0,1,0.5,left,counter,standard,right,13,0,goal,IMG_3692.MOV,00:15,2-4,2-4|MU0,2-4|1
8_P0003,8,1,,6v6,False,False,0.6,0.133333,2.828,45.0,0,1.0,right,counter,standard,right,2,2,goal,IMG_3694.MOV,00:27,2-4,2-4|MU0,2-4|0
8_P0004,8,1,,6v6,False,False,0.6,0.2,3.606,33.69,1,0.5,left,counter,standard,right,10,2,goal,IMG_3695.MOV,00:48,2-4,2-4|MU0,2-4|1
8_P0005,8,1,,6v6,False,False,0.6,0.133333,2.828,45.0,0,0.5,center,drive,standard,right,15,7,blocked (GK),IMG_3696.MOV,00:51,2-4,2-4|MU0,2-4|0
8_P0006,8,1,,6v6,False,False,0.5,0.266667,4.0,0.0,2,0.5,center,counter,skip,right,4,0,goal,IMG_3697.MOV,00:36,2-4,2-4|MU0,2-4|2
8_P0007,8,1,,6v6,False,False,0.6,0.133333,2.828,45.0,1,0.5,right,drive,standard,right,4,4,post/bar,IMG_3698.MOV,00:36,2-4,2-4|MU0,2-4|1
8_P0008,8,2,,6v6,False,False,0.6,0.133333,2.828,45.0,1,0.5,right,set,standard,right,4,4,goal,IMG_3700.MOV,00:26,2-4,2-4|MU0,2-4|1
8_P0009,8,2,,6v6,False,False,0.4,0.2,3.606,-33.69,2,0.5,left,set,standard,right,4,1,goal,IMG_3702.MOV,00:40,2-4,2-4|MU0,2-4|2
8_P0010,8,2,,6v6,False,False,0.4,0.2,3.606,-33.69,1,0.5,left,set,standard,right,15,5,goal,IMG_3704.MOV,00:19,2-4,2-4|MU0,2-4|1
8_P0011,8,2,,6v6,False,False,0.4,0.133333,2.828,-45.0,0,0.5,left,counter,standard,right,4,1,goal,IMG_3706.MOV,00:41,2-4,2-4|MU0,2-4|0
8_P0012,8,2,,6v6,False,False,0.35,0.2,4.243,-45.0,0,0.5,left,set,standard,right,8,7,goal,IMG_3707.MOV,00:59,4-6,4-6|MU0,4-6|0
8_P0013,8,2,,6v6,False,False,0.4,0.2,3.606,-33.69,1,0.5,left,drive,lob,right,22,1,goal,IMG_3709.MOV,00:11,2-4,2-4|MU0,2-4|1
8_P0014,8,3,,6v6,False,False,0.5,0.133333,2.0,0.0,1,0.5,center,counter,standard,right,20,1,goal,IMG_3713.MOV,00:25,0-2,0-2|MU0,0-2|1
8_P0015,8,3,,6v6,False,False,0.55,0.2,3.162,18.43,0,1.0,right,counter,skip,right,8,1,goal,IMG_3714.MOV,00:24,2-4,2-4|MU0,2-4|0
8_P0016,8,3,,6v6,False,False,0.5,0.2,3.0,0.0,1,0.5,center,broken play,standard,right,20,1,goal,IMG_3716.MOV,00:23,2-4,2-4|MU0,2-4|1
8_P0017,8,3,,6v6,False,False,0.3,0.2,5.0,-53.13,1,0.5,left,set,lob,right,5,1,missed,IMG_3717.MOV,00:54,4-6,4-6|MU0,4-6|1
8_P0018,8,3,,6v6,False,False,0.4,0.2,3.606,-33.69,0,1.5,left,counter,standard,right,5,2,goal,IMG_3719.MOV,00:27,2-4,2-4|MU0,2-4|0
8_P0019,8,4,,6v6,False,False,0.6,0.333333,5.385,21.8,0,0.0,right,broken play,standard,right,16,1,missed,IMG_3726.MOV,00:12,4-6,4-6|MU0,4-6|0
8_P0020,8,4,,6v6,False,False,0.5,0.333333,5.0,0.0,0,0.0,right,5m penalty,standard,right,15,0,goal,IMG_3730.MOV,00:03,4-6,4-6|MU0,4-6|0
8_P0021,8,4,,6v6,False,False,0.65,0.066667,3.162,71.56,1,1.0,right,set,standard,right,13,2,goal,IMG_3731.MOV,00:31,2-4,2-4|MU0,2-4|1
8_P0022,8,4,,6v6,False,False,0.45,0.533333,8.062,-7.13,1,0.5,right,perimeter,standard,right,10,2,post/bar,IMG_3733.MOV,00:13,8-10,8-10|MU0,8-10|1
8_P0023,8,4,,6v6,False,False,0.35,0.066667,3.162,-71.56,1,1.0,left,perimeter,lob,right,8,6,post/bar,IMG_3734.MOV,00:44,2-4,2-4|MU0,2-4|1
9_P0001,9,,,6v6,False,False,0.65,0.533333,8.544,20.56,1,1.0,right,perimeter,standard,right,5,2,missed,IMG_1525.MOV,00:24,8-10,8-10|MU0,8-10|1
9_P0002,9,,,6v6,True,False,0.5,0.4,6.0,0.0,1,1.0,center,man-up,skip,right,5,9,goal,IMG_1531.MOV,00:45,4-6,4-6|MU1,4-6|1
9_P0003,9,,,6v6,False,False,0.65,0.133333,3.606,56.31,1,0.5,center,counter,standard,right,15,1,goal,IMG_1540.MOV,00:06,2-4,2-4|MU0,2-4|1
9_P0004,9,,,6v6,False,False,0.7,0.266667,5.657,45.0,1,0.5,left,perimeter,standard,right,14,6,post/bar,IMG_1543.MOV,01:10,4-6,4-6|MU0,4-6|1
9_P0005,9,,,6v6,False,False,0.35,0.2,4.243,-45.0,1,1.0,left,drive,standard,right,15,6,field block,IMG_1552.MOV,00:34,4-6,4-6|MU0,4-6|1
9_P0006,9,,,6v5,True,False,0.55,0.333333,5.099,11.31,1,1.0,center,man-up,standard,right,5,4,blocked (GK),IMG_1553.MOV,00:45,4-6,4-6|MU1,4-6|1
9_P0007,9,,,6v6,False,False,0.25,0.266667,6.403,-51.34,1,0.5,left,perimeter,skip,right,3,4,blocked (GK),IMG_1555.MOV,00:15,6-8,6-8|MU0,6-8|1
