match_id,video_file,t_start,t_end,team,shooter,outcome,x,y,goal_x,goal_y,angle_deg_signed,distance_m,shot_type,pressure,man_up,goalie_x,goalie_y,quarter,clock,notes,schema_version
1,IMG_6154.MOV,,,west_sub,7.0,goal,0.65,0.2,0.0,0.0,-90.0,0.6800735254367721,standard,1.0,0,,,1.0,06:50,,1
1,IMG_6155.MOV,,,west_sub,11.0,goal,0.5,0.2,0.0,0.0,-90.0,0.5385164807134505,standard,1.0,0,,,1.0,06:17,,1
1,IMG_6156.MOV,,,west_sub,7.0,post,0.7,0.4,0.0,0.0,-90.0,0.8062257748298549,standard,2.0,0,,,1.0,05:51,,1
1,IMG_6157.MOV,,,west_sub,nan,nan,,,0.0,0.0,,,nan,nan,0,,,1.0,05:03,,1
1,IMG_6159.MOV,,,west_sub,nan,nan,,,0.0,0.0,,,nan,nan,0,,,1.0,04:25,,1
1,IMG_6162.MOV,,,west_sub,4.0,goal,0.7,0.2,0.0,0.0,-90.0,0.7280109889280517,standard,1.0,0,,,1.0,03:33,,1
1,IMG_6164.MOV,,,west_sub,4.0,blocked,0.7,0.2666666667,0.0,0.0,-90.0,0.7490735018200075,standard,1.0,0,,,1.0,02:55,,1
1,IMG_6165.MOV,,,west_sub,4.0,post,0.75,0.4,0.0,0.0,-90.0,0.85,lob,1.0,0,,,1.0,02:44,,1
1,IMG_6166.MOV,,,west_sub,5.0,miss,0.4,0.4666666667,0.0,0.0,-90.0,0.6146362971781677,standard,1.0,0,,,1.0,02:27,,1
1,IMG_6167.MOV,,,west_sub,nan,nan,,,0.0,0.0,,,nan,nan,0,,,1.0,02:01,,1
1,IMG_6169.MOV,,,west_sub,4.0,goal,0.55,0.2,0.0,0.0,-90.0,0.5852349955359812,standard,0.0,0,,,1.0,01:08,,1
1,IMG_6171.MOV,,,west_sub,3.0,goal,0.45,0.06666666667,0.0,0.0,-90.0,0.4549114687990279,tip/deflection,2.0,0,,,1.0,00:38,,1
1,IMG_6173.MOV,,,west_sub,7.0,miss,0.85,0.2,0.0,0.0,-90.0,0.873212459828649,lob,2.0,0,,,2.0,06:35,,1
1,IMG_6175.MOV,,,west_sub,7.0,miss,0.8,0.2,0.0,0.0,-90.0,0.8246211251235323,standard,1.0,0,,,2.0,05:54,,1
1,IMG_6177.MOV,,,west_sub,3.0,miss,0.4,0.2666666667,0.0,0.0,-90.0,0.4807401700803553,standard,3.0,0,,,2.0,05:28,,1
1,IMG_6179.MOV,,,west_sub,4.0,blocked,0.6,0.3333333333,0.0,0.0,-90.0,0.6863753427162785,standard,1.0,0,,,2.0,04:48,,1
1,IMG_6181.MOV,,,west_sub,3.0,goal,0.5,0.1333333333,0.0,0.0,-90.0,0.5174724898667453,standard,2.0,0,,,2.0,03:59,,1
1,IMG_6183.MOV,,,west_sub,12.0,goal,0.2,0.2666666667,0.0,0.0,-90.0,0.33333333336000004,skip,1.0,0,,,2.0,03:06,,1
1,IMG_6184.MOV,,,west_sub,14.0,post,0.35,0.3333333333,0.0,0.0,-90.0,0.48333333331034484,skip,2.0,0,,,2.0,02:28,,1
1,IMG_6186.MOV,,,west_sub,12.0,blocked,0.25,0.2,0.0,0.0,-90.0,0.32015621187164245,standard,1.0,0,,,2.0,01:38,,1
1,IMG_6189.MOV,,,west_sub,4.0,blocked,0.8,0.4,0.0,0.0,-90.0,0.894427190999916,standard,1.0,0,,,3.0,06:21,,1
1,IMG_6190.MOV,,,west_sub,4.0,goal,0.7,0.2666666667,0.0,0.0,-90.0,0.7490735018200075,lob,2.0,0,,,3.0,05:35,,1
1,IMG_6194.MOV,,,west_sub,7.0,blocked,0.55,0.4,0.0,0.0,-90.0,0.6800735254367722,standard,1.0,0,,,3.0,04:21,,1
1,IMG_6196.MOV,,,west_sub,12.0,post,0.35,0.2666666667,0.0,0.0,-90.0,0.44001262610167097,skip,1.0,0,,,3.0,03:44,,1
1,IMG_6197.MOV,,,west_sub,3.0,goal,0.4,0.1333333333,0.0,0.0,-90.0,0.421637021345243,skip,1.0,0,,,3.0,03:08,,1
1,IMG_6200.MOV,,,west_sub,3.0,goal,0.55,0.2,0.0,0.0,-90.0,0.5852349955359812,lob,1.0,0,,,4.0,06:31,,1
1,IMG_6202.MOV,,,west_sub,3.0,goal,0.45,0.1333333333,0.0,0.0,-90.0,0.4693375946681545,standard,2.0,0,,,4.0,05:53,,1
1,IMG_6204.MOV,,,west_sub,6.0,miss,0.3,0.1333333333,0.0,0.0,-90.0,0.3282952600463322,skip,1.0,0,,,4.0,05:24,,1
1,IMG_6207.MOV,,,west_sub,4.0,goal,0.55,0.1333333333,0.0,0.0,-90.0,0.5659308948704682,standard,0.0,0,,,4.0,04:28,,1
2,IMG_6117.MOV,,,west_sub,7.0,goal,0.65,0.4666666667,0.0,0.0,-90.0,0.8001735922966272,standard,1.0,0,,,1.0,06:04,,1
2,IMG_6115.MOV,,,west_sub,3.0,goal,0.5,0.3333333333,0.0,0.0,-90.0,0.6009252125588416,lob,1.0,0,,,1.0,06:33,,1
2,IMG_6119.MOV,,,west_sub,3.0,miss,0.55,0.4,0.0,0.0,-90.0,0.6800735254367722,skip,0.0,0,,,1.0,05:29,,1
2,IMG_6123.MOV,,,west_sub,4.0,goal,0.55,0.2,0.0,0.0,-90.0,0.5852349955359812,lob,1.0,0,,,1.0,04:33,,1
2,IMG_6125.MOV,,,west_sub,4.0,blocked,0.5,0.4,0.0,0.0,-90.0,0.6403124237432849,standard,0.0,0,,,1.0,03:29,,1
2,IMG_6127.MOV,,,west_sub,7.0,goal,0.6,0.2,0.0,0.0,-90.0,0.6324555320336759,lob,0.0,0,,,1.0,02:50,,1
2,IMG_6128.MOV,,,west_sub,6.0,blocked,0.65,0.2666666667,0.0,0.0,-90.0,0.7025746302912517,skip,1.0,0,,,2.0,06:43,,1
2,IMG_6128.MOV,,,west_sub,nan,nan,,,0.0,0.0,,,nan,nan,0,,,2.0,06:36,,1
2,IMG_6130.MOV,,,west_sub,6.0,goal,0.75,0.2,0.0,0.0,-90.0,0.7762087348130012,lob,1.0,0,,,2.0,05:54,,1
2,IMG_6132.MOV,,,west_sub,3.0,goal,0.5,0.3333333333,0.0,0.0,-90.0,0.6009252125588416,lob,0.0,0,,,2.0,05:12,,1
2,IMG_6134.MOV,,,west_sub,nan,nan,,,0.0,0.0,,,nan,nan,0,,,2.0,04:33,,1
2,IMG_6136.MOV,,,west_sub,7.0,goal,0.55,0.1333333333,0.0,0.0,-90.0,0.5659308948704682,standard,1.0,0,,,2.0,03:45,,1
2,IMG_6137.MOV,,,west_sub,7.0,miss,0.6,0.2,0.0,0.0,-90.0,0.6324555320336759,standard,2.0,0,,,3.0,06:35,,1
2,IMG_6139.MOV,,,west_sub,5.0,post,0.45,0.4666666667,0.0,0.0,-90.0,0.6482883446498856,standard,1.0,0,,,3.0,05:46,,1
2,IMG_6139.MOV,,,west_sub,nan,nan,,,0.0,0.0,,,nan,nan,0,,,3.0,05:31,,1
2,IMG_6140.MOV,,,west_sub,nan,nan,,,0.0,0.0,,,nan,nan,0,,,3.0,04:53,,1
2,IMG_6141.MOV,,,west_sub,4.0,goal,0.6,0.1333333333,0.0,0.0,-90.0,0.6146362971456282,standard,1.0,0,,,3.0,04:26,,1
2,IMG_6142.MOV,,,west_sub,7.0,goal,0.6,0.1333333333,0.0,0.0,-90.0,0.6146362971456282,standard,1.0,0,,,3.0,03:53,,1
2,IMG_6143.MOV,,,west_sub,12.0,post,0.4,0.2,0.0,0.0,-90.0,0.447213595499958,lob,2.0,0,,,4.0,06:49,,1
2,IMG_6144.MOV,,,west_sub,3.0,blocked,0.5,0.2,0.0,0.0,-90.0,0.5385164807134505,standard,1.0,0,,,4.0,06:12,,1
2,IMG_6145.MOV,,,west_sub,nan,nan,,,0.0,0.0,,,nan,nan,0,,,4.0,06:06,,1
2,IMG_6145.MOV,,,west_sub,5.0,goal,0.5,0.06666666667,0.0,0.0,-90.0,0.5044248650144925,standard,0.0,0,,,4.0,05:23,,1
2,IMG_6149.MOV,,,west_sub,nan,nan,,,0.0,0.0,,,nan,nan,0,,,4.0,04:46,,1
2,IMG_6150.MOV,,,west_sub,4.0,goal,0.65,0.06666666667,0.0,0.0,-90.0,0.6534098594640955,standard,0.0,0,,,4.0,04:13,,1
3,IMG_0157.MOV,,,west_sub,4.0,blocked,0.55,0.4666666667,0.0,0.0,-90.0,0.7213028336343127,standard,1.0,0,,,1.0,06:46,,1
3,IMG_0159.MOV,,,west_sub,6.0,goal,0.35,0.3333333333,0.0,0.0,-90.0,0.48333333331034484,standard,1.0,0,,,1.0,06:10,,1
3,IMG_0163.MOV,,,west_sub,nan,nan,,,0.0,0.0,,,nan,nan,0,,,1.0,05:35,,1
3,IMG_0165.MOV,,,west_sub,4.0,goal,0.5,0.4,0.0,0.0,-90.0,0.6403124237432849,standard,1.0,0,,,1.0,04:47,,1
3,IMG_0168.MOV,,,west_sub,2.0,goal,0.35,0.2,0.0,0.0,-90.0,0.40311288741492746,standard,2.0,0,,,1.0,04:04,,1
3,IMG_0172.MOV,,,west_sub,5.0,miss,0.55,0.2666666667,0.0,0.0,-90.0,0.6112373607109508,tip/deflection,1.0,0,,,2.0,06:13,,1
3,IMG_0176.MOV,,,west_sub,6.0,blocked,0.35,0.4,0.0,0.0,-90.0,0.5315072906367325,standard,2.0,0,,,2.0,05:11,,1
3,IMG_0177.MOV,,,west_sub,6.0,goal,0.5,0.3333333333,0.0,0.0,-90.0,0.6009252125588416,standard,0.0,0,,,2.0,05:09,,1
3,IMG_0179.MOV,,,west_sub,2.0,goal,0.3,0.2,0.0,0.0,-90.0,0.36055512754639896,skip,1.0,0,,,2.0,03:21,,1
3,IMG_0181.MOV,,,west_sub,7.0,blocked,0.75,0.1333333333,0.0,0.0,-90.0,0.7617596587959281,standard,1.0,0,,,3.0,06:36,,1
3,IMG_0183.MOV,,,west_sub,10.0,blocked,0.75,0.2,0.0,0.0,-90.0,0.7762087348130012,standard,1.0,0,,,3.0,05:48,,1
3,IMG_0185.MOV,,,west_sub,nan,nan,,,0.0,0.0,,,nan,nan,0,,,3.0,04:45,,1
3,IMG_0185.MOV,,,west_sub,nan,nan,,,0.0,0.0,,,nan,nan,0,,,3.0,04:25,,1
3,IMG_0185.MOV,,,west_sub,4.0,goal,0.6,0.2,0.0,0.0,-90.0,0.6324555320336759,standard,1.0,0,,,3.0,04:24,,1
3,IMG_0187.MOV,,,west_sub,7.0,miss,0.2,0.4,0.0,0.0,-90.0,0.447213595499958,standard,0.0,0,,,3.0,03:17,,1
3,IMG_0189.MOV,,,west_sub,7.0,goal,0.75,0.1333333333,0.0,0.0,-90.0,0.7617596587959281,skip,0.0,0,,,3.0,02:37,,1
3,IMG_0196.MOV,,,west_sub,4.0,blocked,0.65,0.06666666667,0.0,0.0,-90.0,0.6534098594640955,tip/deflection,1.0,0,,,4.0,06:09,,1
3,IMG_0200.MOV,,,west_sub,2.0,blocked,0.5,0.1333333333,0.0,0.0,-90.0,0.5174724898667453,tip/deflection,1.0,0,,,4.0,04:44,,1
3,IMG_0202.MOV,,,west_sub,nan,nan,,,0.0,0.0,,,nan,nan,0,,,4.0,04:04,,1
3,IMG_0204.MOV,,,west_sub,4.0,blocked,0.5,0.4666666667,0.0,0.0,-90.0,0.683942817645517,standard,1.0,0,,,4.0,03:23,,1
3,IMG_0205.MOV,,,west_sub,nan,nan,,,0.0,0.0,,,nan,nan,0,,,4.0,03:00,,1
3,IMG_0207.MOV,,,west_sub,nan,nan,,,0.0,0.0,,,nan,nan,0,,,4.0,02:13,,1
3,IMG_0209.MOV,,,west_sub,nan,nan,,,0.0,0.0,,,nan,nan,0,,,4.0,01:08,,1
4,IMG_2598.MOV,,,usa_academy,2.0,blocked,0.5,0.4,0.0,0.0,-90.0,0.6403124237432849,skip,1.0,0,,,1.0,nan,,1
4,IMG_2600.MOV,,,usa_academy,10.0,goal,0.55,0.2,0.0,0.0,-90.0,0.5852349955359812,skip,2.0,0,,,1.0,nan,,1
4,IMG_2602.MOV,,,usa_academy,nan,nan,,,0.0,0.0,,,nan,nan,0,,,1.0,nan,,1
4,IMG_2604.MOV,,,usa_academy,2.0,blocked,0.4,0.4,0.0,0.0,-90.0,0.5656854249492381,skip,1.0,0,,,1.0,nan,,1
4,IMG_2606.MOV,,,usa_academy,2.0,blocked,0.3,0.2666666667,0.0,0.0,-90.0,0.40138648598188864,skip,2.0,0,,,1.0,nan,,1
4,IMG_2608.MOV,,,usa_academy,3.0,blocked,0.6,0.5333333333,0.0,0.0,-90.0,0.8027729718973409,standard,1.0,0,,,1.0,nan,,1
4,IMG_2610.MOV,,,usa_academy,nan,nan,,,0.0,0.0,,,nan,nan,0,,,2.0,nan,,1
4,IMG_2612.MOV,,,usa_academy,0.0,post,0.5,0.2666666667,0.0,0.0,-90.0,0.566666666682353,standard,2.0,0,,,2.0,nan,,1
4,IMG_2613.MOV,,,usa_academy,10.0,blocked,0.45,0.1333333333,0.0,0.0,-90.0,0.4693375946681545,standard,1.0,0,,,2.0,nan,,1
4,IMG_2615.MOV,,,usa_academy,nan,nan,,,0.0,0.0,,,nan,nan,0,,,2.0,nan,,1
4,IMG_2617.MOV,,,usa_academy,nan,nan,,,0.0,0.0,,,nan,nan,0,,,2.0,nan,,1
4,IMG_2618.MOV,,,usa_academy,2.0,goal,0.4,0.4,0.0,0.0,-90.0,0.5656854249492381,skip,1.0,0,,,2.0,nan,,1
4,IMG_2621.MOV,,,usa_academy,nan,nan,,,0.0,0.0,,,nan,nan,0,,,3.0,nan,,1
4,IMG_2622.MOV,,,usa_academy,9.0,post,0.45,0.2666666667,0.0,0.0,-90.0,0.5230784942328339,standard,0.0,0,,,3.0,nan,,1
4,IMG_2624.MOV,,,usa_academy,12.0,blocked,0.6,0.2666666667,0.0,0.0,-90.0,0.6565905201332782,standard,2.0,0,,,3.0,nan,,1
4,IMG_2625.MOV,,,usa_academy,nan,nan,,,0.0,0.0,,,nan,nan,0,,,3.0,nan,,1
4,IMG_2626.MOV,,,usa_academy,3.0,post,0.75,0.4,0.0,0.0,-90.0,0.85,lob,1.0,0,,,3.0,nan,,1
4,IMG_2628.MOV,,,usa_academy,1.0,goal,0.5,1.0,0.0,0.0,-90.0,1.118033988749895,standard,0.0,0,,,3.0,nan,,1
4,IMG_2631.MOV,,,usa_academy,nan,nan,,,0.0,0.0,,,nan,nan,0,,,4.0,nan,,1
4,IMG_2633.MOV,,,usa_academy,9.0,goal,0.25,0.1333333333,0.0,0.0,-90.0,0.28333333331764704,standard,1.0,0,,,4.0,nan,,1
4,IMG_2635.MOV,,,usa_academy,3.0,blocked,0.85,0.2666666667,0.0,0.0,-90.0,0.8908485343361625,standard,1.0,0,,,4.0,nan,,1
4,IMG_2636.MOV,,,usa_academy,5.0,miss,0.2,0.2,0.0,0.0,-90.0,0.28284271247461906,standard,1.0,0,,,4.0,nan,,1
4,IMG_2638.MOV,,,usa_academy,3.0,blocked,0.5,0.4,0.0,0.0,-90.0,0.6403124237432849,standard,1.0,0,,,4.0,nan,,1
4,IMG_2638.MOV,,,usa_academy,12.0,blocked,0.55,0.1333333333,0.0,0.0,-90.0,0.5659308948704682,standard,1.0,0,,,4.0,nan,,1
4,IMG_2638.MOV,,,usa_academy,5.0,goal,0.45,0.06666666667,0.0,0.0,-90.0,0.4549114687990279,other,1.0,0,,,4.0,nan,,1
5,IMG_2644.MOV,,,usa_academy,nan,nan,,,0.0,0.0,,,nan,nan,0,,,1.0,4:21,,1
5,IMG_2645.MOV,,,usa_academy,0.0,miss,0.35,0.4,0.0,0.0,-90.0,0.5315072906367325,standard,1.0,0,,,nan,nan,,1
5,IMG_2647.MOV,,,usa_academy,nan,nan,,,0.0,0.0,,,nan,nan,0,,,nan,nan,,1
5,IMG_2648.MOV,,,usa_academy,nan,nan,,,0.0,0.0,,,nan,nan,0,,,nan,nan,,1
5,IMG_2650.MOV,,,usa_academy,nan,nan,,,0.0,0.0,,,nan,nan,0,,,nan,nan,,1
5,IMG_2652.MOV,,,usa_academy,nan,nan,,,0.0,0.0,,,nan,nan,0,,,nan,nan,,1
5,IMG_2654.MOV,,,usa_academy,nan,nan,,,0.0,0.0,,,nan,nan,0,,,nan,nan,,1
5,IMG_2655.MOV,,,usa_academy,nan,nan,,,0.0,0.0,,,nan,nan,0,,,nan,nan,,1
5,IMG_2655.MOV,,,usa_academy,nan,nan,,,0.0,0.0,,,nan,nan,0,,,nan,nan,,1
5,IMG_2658.MOV,,,usa_academy,15.0,blocked,0.2,0.4666666667,0.0,0.0,-90.0,0.507718207088232,standard,1.0,0,,,nan,nan,,1
5,IMG_2659.MOV,,,usa_academy,nan,nan,,,0.0,0.0,,,nan,nan,0,,,nan,nan,,1
5,IMG_2663.MOV,,,usa_academy,3.0,post,0.75,0.2666666667,0.0,0.0,-90.0,0.7959969290951372,skip,1.0,0,,,nan,nan,,1
5,IMG_2666.MOV,,,usa_academy,nan,nan,,,0.0,0.0,,,nan,nan,0,,,nan,nan,,1
5,IMG_2667.MOV,,,usa_academy,15.0,goal,0.45,0.2,0.0,0.0,-90.0,0.49244289008980524,skip,1.0,0,,,nan,nan,,1
5,IMG_2669.MOV,,,usa_academy,nan,nan,,,0.0,0.0,,,nan,nan,0,,,nan,nan,,1
5,IMG_2675.MOV,,,usa_academy,5.0,blocked,0.5,0.4666666667,0.0,0.0,-90.0,0.683942817645517,standard,1.0,0,,,nan,nan,,1
5,IMG_2677.MOV,,,usa_academy,15.0,goal,0.35,0.4,0.0,0.0,-90.0,0.5315072906367325,standard,1.0,0,,,nan,nan,,1
5,IMG_2678.MOV,,,usa_academy,2.0,blocked,0.7,0.2,0.0,0.0,-90.0,0.7280109889280517,standard,1.0,0,,,nan,nan,,1
5,IMG_2678.MOV,,,usa_academy,12.0,goal,0.5,0.06666666667,0.0,0.0,-90.0,0.5044248650144925,tip/deflection,0.0,0,,,nan,nan,,1
5,IMG_2680.MOV,,,usa_academy,12.0,blocked,0.7,0.4,0.0,0.0,-90.0,0.8062257748298549,standard,0.0,0,,,nan,nan,,1
5,IMG_2681.MOV,,,usa_academy,nan,nan,,,0.0,0.0,,,nan,nan,0,,,nan,nan,,1
5,IMG_2685.MOV,,,usa_academy,nan,nan,,,0.0,0.0,,,nan,nan,0,,,nan,nan,,1
5,IMG_2687.MOV,,,usa_academy,5.0,goal,0.5,0.4,0.0,0.0,-90.0,0.6403124237432849,skip,1.0,0,,,nan,nan,,1
6,IMG_4559.MOV,,,carlsbad,14.0,blocked,0.6,0.3333333333,0.0,0.0,-90.0,0.6863753427162785,skip,0.0,0,,,1.0,nan,,1
6,IMG_4560.MOV,,,carlsbad,nan,nan,,,0.0,0.0,,,nan,nan,0,,,nan,nan,,1
6,IMG_4561.MOV,,,carlsbad,8.0,blocked,0.4,0.4666666667,0.0,0.0,-90.0,0.6146362971781677,standard,1.0,0,,,nan,nan,,1
6,IMG_4564.MOV,,,carlsbad,8.0,goal,0.7,0.1333333333,0.0,0.0,-90.0,0.7125852775414945,skip,1.0,0,,,nan,nan,,1
6,IMG_4566.MOV,,,carlsbad,8.0,blocked,0.6,0.1333333333,0.0,0.0,-90.0,0.6146362971456282,standard,1.0,0,,,nan,nan,,1
6,IMG_4567.MOV,,,carlsbad,8.0,post,0.5,0.4666666667,0.0,0.0,-90.0,0.683942817645517,skip,1.0,0,,,nan,nan,,1
6,IMG_4567.MOV,,,carlsbad,nan,nan,,,0.0,0.0,,,nan,nan,0,,,nan,nan,,1
6,IMG_4570_1.MOV,,,carlsbad,nan,nan,,,0.0,0.0,,,nan,nan,0,,,nan,nan,,1
6,IMG_4571.MOV,,,carlsbad,10.0,goal,0.5,0.2,0.0,0.0,-90.0,0.5385164807134505,skip,1.0,0,,,nan,nan,,1
6,IMG_4572.MOV,,,carlsbad,15.0,blocked,0.5,0.4,0.0,0.0,-90.0,0.6403124237432849,skip,1.0,0,,,nan,nan,,1
6,IMG_4577.MOV,,,carlsbad,nan,nan,,,0.0,0.0,,,nan,nan,0,,,nan,nan,,1
6,IMG_4579.MOV,,,carlsbad,nan,nan,,,0.0,0.0,,,nan,nan,0,,,nan,nan,,1
6,IMG_4581.MOV,,,carlsbad,0.0,blocked,0.6,0.6,0.0,0.0,-90.0,0.848528137423857,skip,1.0,0,,,nan,nan,,1
6,IMG_4583.MOV,,,carlsbad,nan,nan,,,0.0,0.0,,,nan,nan,0,,,nan,nan,,1
6,IMG_4585.MOV,,,carlsbad,nan,nan,,,0.0,0.0,,,nan,nan,0,,,nan,nan,,1
6,IMG_4587.MOV,,,carlsbad,12.0,blocked,0.3,0.4,0.0,0.0,-90.0,0.5,lob,0.0,0,,,nan,nan,,1
6,IMG_4587.MOV,,,carlsbad,nan,nan,,,0.0,0.0,,,nan,nan,0,,,nan,nan,,1
6,IMG_4588.MOV,,,carlsbad,10.0,miss,0.5,0.2,0.0,0.0,-90.0,0.5385164807134505,tip/deflection,1.0,0,,,nan,nan,,1
6,IMG_4590.MOV,,,carlsbad,11.0,goal,0.5,0.1333333333,0.0,0.0,-90.0,0.5174724898667453,tip/deflection,1.0,0,,,nan,nan,,1
6,IMG_4592.MOV,,,carlsbad,11.0,post,0.25,0.1333333333,0.0,0.0,-90.0,0.28333333331764704,standard,1.0,0,,,nan,nan,,1
6,IMG_4594.MOV,,,carlsbad,11.0,blocked,0.3,0.3333333333,0.0,0.0,-90.0,0.44845413487768054,standard,1.0,0,,,nan,nan,,1
6,IMG_4596.MOV,,,carlsbad,nan,nan,,,0.0,0.0,,,nan,nan,0,,,nan,nan,,1
6,IMG_4597.MOV,,,carlsbad,nan,nan,,,0.0,0.0,,,nan,nan,0,,,nan,nan,,1
6,IMG_4600.MOV,,,carlsbad,10.0,miss,0.6,0.2666666667,0.0,0.0,-90.0,0.6565905201332782,backhand,1.0,0,,,nan,nan,,1
6,IMG_4611.MOV,,,carlsbad,15.0,blocked,0.6,0.4,0.0,0.0,-90.0,0.7211102550927979,standard,1.0,0,,,nan,nan,,1
6,IMG_4613.MOV,,,carlsbad,nan,nan,,,0.0,0.0,,,nan,nan,0,,,nan,nan,,1
7,IMG_5618.MOV,,,carlsbad,nan,nan,,,0.0,0.0,,,nan,nan,0,,,nan,nan,,1
7,IMG_5618.MOV,,,carlsbad,nan,nan,,,0.0,0.0,,,nan,nan,0,,,nan,nan,,1
7,IMG_5620.MOV,,,carlsbad,3.0,goal,0.2,0.133333,0.0,0.0,-90.0,0.24036990013102724,standard,1.0,0,,,nan,nan,,1
7,IMG_5622.MOV,,,carlsbad,11.0,post,0.65,0.466667,0.0,0.0,-90.0,0.8001737866794938,lob,1.0,0,,,nan,nan,,1
7,IMG_5623.MOV,,,carlsbad,nan,nan,,,0.0,0.0,,,nan,nan,0,,,nan,nan,,1
7,IMG_5628.MOV,,,carlsbad,nan,nan,,,0.0,0.0,,,nan,nan,0,,,nan,nan,,1
7,IMG_5632.MOV,,,carlsbad,nan,nan,,,0.0,0.0,,,nan,nan,0,,,nan,nan,,1
7,IMG_5634.MOV,,,carlsbad,2.0,blocked,0.8,0.133333,0.0,0.0,-90.0,0.811034949240167,standard,1.0,0,,,nan,nan,,1
7,IMG_5635.MOV,,,carlsbad,6.0,goal,0.3,0.133333,0.0,0.0,-90.0,0.3282951246805228,standard,1.0,0,,,nan,nan,,1
7,IMG_5636.MOV,,,carlsbad,nan,nan,,,0.0,0.0,,,nan,nan,0,,,nan,nan,,1
7,IMG_5638.MOV,,,carlsbad,nan,nan,,,0.0,0.0,,,nan,nan,0,,,nan,nan,,1
7,IMG_5638.MOV,,,carlsbad,nan,nan,,,0.0,0.0,,,nan,nan,0,,,nan,nan,,1
7,IMG_5645.MOV,,,carlsbad,8.0,miss,0.5,0.6,0.0,0.0,-90.0,0.7810249675906654,standard,1.0,0,,,nan,nan,,1
7,IMG_5652.MOV,,,carlsbad,2.0,blocked,0.4,0.133333,0.0,0.0,-90.0,0.4216369159466472,standard,0.0,0,,,nan,nan,,1
7,IMG_5652.MOV,,,carlsbad,2.0,blocked,0.3,0.2,0.0,0.0,-90.0,0.36055512754639896,standard,1.0,0,,,nan,nan,,1
7,IMG_5656.MOV,,,carlsbad,3.0,miss,0.3,0.4,0.0,0.0,-90.0,0.5,lob,1.0,0,,,nan,nan,,1
7,IMG_5658.MOV,,,carlsbad,10.0,goal,0.4,0.266667,0.0,0.0,-90.0,0.4807403549620107,skip,2.0,0,,,nan,nan,,1
7,IMG_5659.MOV,,,carlsbad,nan,nan,,,0.0,0.0,,,nan,nan,0,,,nan,nan,,1
7,IMG_5660.MOV,,,carlsbad,10.0,goal,0.5,0.333333,0.0,0.0,-90.0,0.6009250276773301,standard,0.0,0,,,nan,nan,,1
7,IMG_5662.MOV,,,carlsbad,nan,nan,,,0.0,0.0,,,nan,nan,0,,,nan,nan,,1
7,IMG_5662.MOV,,,carlsbad,0.0,goal,0.45,0.4,0.0,0.0,-90.0,0.6020797289396148,standard,1.0,0,,,nan,nan,,1
7,IMG_5667.MOV,,,carlsbad,10.0,goal,0.4,0.2,0.0,0.0,-90.0,0.447213595499958,skip,2.0,0,,,nan,nan,,1
7,IMG_5669.MOV,,,carlsbad,10.0,goal,0.55,0.2,0.0,0.0,-90.0,0.5852349955359812,backhand,1.0,0,,,nan,nan,,1
7,IMG_5671.MOV,,,carlsbad,11.0,post,0.35,0.4,0.0,0.0,-90.0,0.5315072906367325,standard,0.0,0,,,nan,nan,,1
7,IMG_5673.MOV,,,carlsbad,10.0,goal,0.55,0.133333,0.0,0.0,-90.0,0.5659308163450724,punch/volley,2.0,0,,,nan,nan,,1
7,IMG_5675.MOV,,,carlsbad,2.0,blocked,0.4,0.2,0.0,0.0,-90.0,0.447213595499958,skip,1.0,0,,,nan,nan,,1
7,IMG_5676.MOV,,,carlsbad,6.0,blocked,0.45,0.466667,0.0,0.0,-90.0,0.6482885845740306,standard,1.0,0,,,nan,nan,,1
7,IMG_5678.MOV,,,carlsbad,2.0,goal,0.5,0.333333,0.0,0.0,-90.0,0.6009250276773301,standard,0.0,0,,,nan,nan,,1
7,IMG_5680.MOV,,,carlsbad,10.0,blocked,0.5,0.333333,0.0,0.0,-90.0,0.6009250276773301,standard,0.0,0,,,nan,nan,,1
7,IMG_5682.MOV,,,carlsbad,11.0,goal,0.5,0.333333,0.0,0.0,-90.0,0.6009250276773301,standard,0.0,0,,,nan,nan,,1
7,IMG_5684.MOV,,,carlsbad,7.0,goal,0.5,0.333333,0.0,0.0,-90.0,0.6009250276773301,skip,0.0,0,,,nan,nan,,1
7,IMG_5686.MOV,,,carlsbad,15.0,goal,0.5,0.333333,0.0,0.0,-90.0,0.6009250276773301,skip,0.0,0,,,nan,nan,,1
8,IMG_3689.MOV,,,hinsdale_central,2.0,goal,0.6,0.133333,0.0,0.0,-90.0,0.6146362248427927,standard,0.0,0,,,1.0,nan,,1
8,IMG_3692.MOV,,,hinsdale_central,13.0,goal,0.4,0.133333,0.0,0.0,-90.0,0.4216369159466472,standard,1.0,0,,,1.0,nan,,1
8,IMG_3694.MOV,,,hinsdale_central,2.0,goal,0.6,0.133333,0.0,0.0,-90.0,0.6146362248427927,standard,0.0,0,,,1.0,nan,,1
8,IMG_3695.MOV,,,hinsdale_central,10.0,goal,0.6,0.2,0.0,0.0,-90.0,0.6324555320336759,standard,1.0,0,,,1.0,nan,,1
8,IMG_3696.MOV,,,hinsdale_central,15.0,blocked,0.6,0.133333,0.0,0.0,-90.0,0.6146362248427927,standard,0.0,0,,,1.0,nan,,1
8,IMG_3697.MOV,,,hinsdale_central,4.0,goal,0.5,0.266667,0.0,0.0,-90.0,0.566666823529488,skip,2.0,0,,,1.0,nan,,1
8,IMG_3698.MOV,,,hinsdale_central,4.0,post,0.6,0.133333,0.0,0.0,-90.0,0.6146362248427927,standard,1.0,0,,,1.0,nan,,1
8,IMG_3700.MOV,,,hinsdale_central,4.0,goal,0.6,0.133333,0.0,0.0,-90.0,0.6146362248427927,standard,1.0,0,,,2.0,nan,,1
8,IMG_3702.MOV,,,hinsdale_central,4.0,goal,0.4,0.2,0.0,0.0,-90.0,0.447213595499958,standard,2.0,0,,,2.0,nan,,1
8,IMG_3704.MOV,,,hinsdale_central,15.0,goal,0.4,0.2,0.0,0.0,-90.0,0.447213595499958,standard,1.0,0,,,2.0,nan,,1
8,IMG_3706.MOV,,,hinsdale_central,4.0,goal,0.4,0.133333,0.0,0.0,-90.0,0.4216369159466472,standard,0.0,0,,,2.0,nan,,1
8,IMG_3707.MOV,,,hinsdale_central,8.0,goal,0.35,0.2,0.0,0.0,-90.0,0.40311288741492746,standard,0.0,0,,,2.0,nan,,1
8,IMG_3709.MOV,,,hinsdale_central,22.0,goal,0.4,0.2,0.0,0.0,-90.0,0.447213595499958,lob,1.0,0,,,2.0,nan,,1
8,IMG_3713.MOV,,,hinsdale_central,20.0,goal,0.5,0.133333,0.0,0.0,-90.0,0.5174724039878842,standard,1.0,0,,,3.0,nan,,1
8,IMG_3714.MOV,,,hinsdale_central,8.0,goal,0.55,0.2,0.0,0.0,-90.0,0.5852349955359812,skip,0.0,0,,,3.0,nan,,1
8,IMG_3716.MOV,,,hinsdale_central,20.0,goal,0.5,0.2,0.0,0.0,-90.0,0.5385164807134505,standard,1.0,0,,,3.0,nan,,1
8,IMG_3717.MOV,,,hinsdale_central,5.0,miss,0.3,0.2,0.0,0.0,-90.0,0.36055512754639896,lob,1.0,0,,,3.0,nan,,1
8,IMG_3719.MOV,,,hinsdale_central,5.0,goal,0.4,0.2,0.0,0.0,-90.0,0.447213595499958,standard,0.0,0,,,3.0,nan,,1
8,IMG_3726.MOV,,,hinsdale_central,16.0,miss,0.6,0.333333,0.0,0.0,-90.0,0.6863751808515515,standard,0.0,0,,,4.0,nan,,1
8,IMG_3730.MOV,,,hinsdale_central,15.0,goal,0.5,0.333333,0.0,0.0,-90.0,0.6009250276773301,standard,0.0,0,,,4.0,nan,,1
8,IMG_3731.MOV,,,hinsdale_central,13.0,goal,0.65,0.066667,0.0,0.0,-90.0,0.6534098934734613,standard,1.0,0,,,4.0,nan,,1
8,IMG_3733.MOV,,,hinsdale_central,10.0,post,0.45,0.533333,0.0,0.0,-90.0,0.6978137924181493,standard,1.0,0,,,4.0,nan,,1
8,IMG_3734.MOV,,,hinsdale_central,8.0,post,0.35,0.066667,0.0,0.0,-90.0,0.3562927011447189,lob,1.0,0,,,4.0,nan,,1
9,IMG_1525.MOV,,,midwest_zone,5.0,miss,0.65,0.533333,0.0,0.0,-90.0,0.8407996722697981,standard,1.0,0,,,nan,nan,,1
9,IMG_1531.MOV,,,midwest_zone,5.0,goal,0.5,0.4,0.0,0.0,-90.0,0.6403124237432849,skip,1.0,0,,,nan,nan,,1
9,IMG_1540.MOV,,,midwest_zone,15.0,goal,0.65,0.133333,0.0,0.0,-90.0,0.6635342409318452,standard,1.0,0,,,nan,nan,,1
9,IMG_1543.MOV,,,midwest_zone,14.0,post,0.7,0.266667,0.0,0.0,-90.0,0.749073620473315,standard,1.0,0,,,nan,nan,,1
9,IMG_1552.MOV,,,midwest_zone,15.0,blocked,0.35,0.2,0.0,0.0,-90.0,0.40311288741492746,standard,1.0,0,,,nan,nan,,1
9,IMG_1553.MOV,,,midwest_zone,5.0,blocked,0.55,0.333333,0.0,0.0,-90.0,0.6431258732853158,standard,1.0,0,,,nan,nan,,1
9,IMG_1555.MOV,,,midwest_zone,3.0,blocked,0.25,0.266667,0.0,0.0,-90.0,0.3655287798368276,skip,1.0,0,,,nan,nan,,1
10,IMG_5045.MOV,,,carlsbad,19.0,post,0.65,0.266667,0.0,0.0,-90.0,0.7025747567974528,standard,1.0,0,,,nan,nan,,1
10,IMG_5045.MOV,,,carlsbad,5.0,goal,0.5,0.4,0.0,0.0,-90.0,0.6403124237432849,standard,1.0,0,,,nan,nan,,1
10,IMG_5047.MOV,,,carlsbad,11.0,goal,0.65,0.4,0.0,0.0,-90.0,0.7632168761236874,lob,1.0,0,,,nan,nan,,1
10,IMG_5053.MOV,,,carlsbad,10.0,goal,0.5,0.266667,0.0,0.0,-90.0,0.566666823529488,standard,0.0,0,,,nan,nan,,1
10,IMG_5056.MOV,,,carlsbad,11.0,goal,0.5,0.2,0.0,0.0,-90.0,0.5385164807134505,standard,0.0,0,,,nan,nan,,1
10,IMG_5057.MOV,,,carlsbad,11.0,blocked,0.45,0.266667,0.0,0.0,-90.0,0.5230786641500492,standard,0.0,0,,,nan,nan,,1
10,IMG_5059.MOV,,,carlsbad,8.0,goal,0.5,0.4,0.0,0.0,-90.0,0.6403124237432849,standard,1.0,0,,,nan,nan,,1
10,IMG_5060.MOV,,,carlsbad,11.0,goal,0.35,0.2,0.0,0.0,-90.0,0.40311288741492746,standard,0.0,0,,,nan,nan,,1
10,IMG_5063.MOV,,,carlsbad,5.0,post,0.75,0.133333,0.0,0.0,-90.0,0.7617596004573884,standard,1.0,0,,,nan,nan,,1
10,IMG_5063.MOV,,,carlsbad,10.0,goal,0.65,0.266667,0.0,0.0,-90.0,0.7025747567974528,skip,2.0,0,,,nan,nan,,1
10,IMG_5065.MOV,,,carlsbad,9.0,post,0.3,0.133333,0.0,0.0,-90.0,0.3282951246805228,standard,1.0,0,,,nan,nan,,1
10,IMG_5066.MOV,,,carlsbad,8.0,blocked,0.5,0.333333,0.0,0.0,-90.0,0.6009250276773301,skip,0.0,0,,,nan,nan,,1
10,IMG_5069.MOV,,,carlsbad,10.0,goal,0.45,0.266667,0.0,0.0,-90.0,0.5230786641500492,standard,1.0,0,,,nan,nan,,1
10,IMG_5071.MOV,,,carlsbad,8.0,goal,0.6,0.4,0.0,0.0,-90.0,0.7211102550927979,standard,1.0,0,,,nan,nan,,1
10,IMG_5074.MOV,,,carlsbad,12.0,miss,0.5,0.4,0.0,0.0,-90.0,0.6403124237432849,standard,1.0,0,,,nan,nan,,1
10,IMG_5078.MOV,,,carlsbad,9.0,blocked,0.6,0.2,0.0,0.0,-90.0,0.6324555320336759,lob,1.0,0,,,nan,nan,,1
10,IMG_5081.MOV,,,carlsbad,11.0,blocked,0.35,0.266667,0.0,0.0,-90.0,0.4400128280959545,standard,1.0,0,,,nan,nan,,1
10,IMG_5083.MOV,,,carlsbad,5.0,goal,0.4,0.133333,0.0,0.0,-90.0,0.4216369159466472,standard,1.0,0,,,nan,nan,,1
10,IMG_5086.MOV,,,carlsbad,11.0,goal,0.5,0.333333,0.0,0.0,-90.0,0.6009250276773301,standard,0.0,0,,,nan,nan,,1
10,IMG_5088.MOV,,,carlsbad,9.0,goal,0.6,0.133333,0.0,0.0,-90.0,0.6146362248427927,standard,0.0,0,,,nan,nan,,1
10,IMG_5091.MOV,,,carlsbad,10.0,goal,0.5,0.333333,0.0,0.0,-90.0,0.6009250276773301,skip,0.0,0,,,nan,nan,,1
10,IMG_5094.MOV,,,carlsbad,15.0,goal,0.55,0.266667,0.0,0.0,-90.0,0.611237506120984,standard,0.0,0,,,nan,nan,,1
10,IMG_5100.MOV,,,carlsbad,11.0,blocked,0.55,0.266667,0.0,0.0,-90.0,0.611237506120984,lob,1.0,0,,,nan,nan,,1
10,IMG_5103.MOV,,,carlsbad,10.0,blocked,0.5,0.333333,0.0,0.0,-90.0,0.6009250276773301,skip,0.0,0,,,nan,nan,,1
10,IMG_5107.MOV,,,carlsbad,12.0,post,0.7,0.066667,0.0,0.0,-90.0,0.7031674685940753,standard,1.0,0,,,nan,nan,,1
10,IMG_5111.MOV,,,carlsbad,9.0,goal,0.55,0.2,0.0,0.0,-90.0,0.5852349955359812,standard,2.0,0,,,nan,nan,,1
10,IMG_5113.MOV,,,carlsbad,12.0,goal,0.3,0.2,0.0,0.0,-90.0,0.36055512754639896,standard,1.0,0,,,nan,nan,,1
11,IMG_2070.MOV,,,hinsdale_central,9.0,goal,0.65,0.133333,0.0,0.0,-90.0,0.6635342409318452,standard,0.0,0,,,1.0,nan,,1
11,IMG_2071.MOV,,,hinsdale_central,20.0,goal,0.3,0.266667,0.0,0.0,-90.0,0.40138670741443344,lob,1.0,0,,,nan,nan,,1
11,IMG_2073.MOV,,,hinsdale_central,10.0,miss,0.8,0.4,0.0,0.0,-90.0,0.894427190999916,standard,1.0,0,,,nan,nan,,1
11,IMG_2077.MOV,,,hinsdale_central,13.0,miss,0.75,0.333333,0.0,0.0,-90.0,0.8207380147702432,standard,1.0,0,,,nan,nan,,1
11,IMG_2078.MOV,,,hinsdale_central,9.0,goal,0.4,0.133333,0.0,0.0,-90.0,0.4216369159466472,standard,1.0,0,,,nan,nan,,1
11,IMG_2081.MOV,,,hinsdale_central,9.0,goal,0.55,0.2,0.0,0.0,-90.0,0.5852349955359812,standard,3.0,0,,,nan,nan,,1
11,IMG_2084.MOV,,,hinsdale_central,10.0,miss,0.8,0.266667,0.0,0.0,-90.0,0.8432741481208825,standard,1.0,0,,,nan,nan,,1
11,IMG_2088.MOV,,,hinsdale_central,20.0,post,0.25,0.133333,0.0,0.0,-90.0,0.2833331764707409,standard,1.0,0,,,nan,nan,,1
11,IMG_2093.MOV,,,hinsdale_central,2.0,goal,0.5,0.466667,0.0,0.0,-90.0,0.6839430450622332,standard,1.0,0,,,nan,nan,,1
11,IMG_2096.MOV,,,hinsdale_central,20.0,miss,0.35,0.4,0.0,0.0,-90.0,0.5315072906367325,standard,1.0,0,,,nan,nan,,1
11,IMG_2098.MOV,,,hinsdale_central,9.0,goal,0.7,0.133333,0.0,0.0,-90.0,0.7125852151771043,standard,1.0,0,,,nan,nan,,1
11,IMG_2102.MOV,,,hinsdale_central,10.0,goal,1.0,0.8,0.0,0.0,-90.0,1.2806248474865698,standard,1.0,0,,,4.0,nan,,1
12,IMG_6444.MOV,,,west_sub,4.0,goal,1.0,0.733,0.0,0.0,-90.0,1.2398745904324355,standard,1.0,0,,,nan,nan,,1
12,IMG_6421.MOV,,,west_sub,7.0,goal,0.25,0.733,0.0,0.0,-90.0,0.7744604573507934,skip,1.0,0,,,nan,nan,,1
13,IMG_6394.MOV,,,west_sub,3.0,blocked,0.5,1.0,0.0,0.0,-90.0,1.118033988749895,standard,1.0,0,,,nan,nan,,1
13,IMG_6391.MOV,,,west_sub,3.0,goal,0.5,0.667,0.0,0.0,-90.0,0.8336000239923221,standard,1.0,0,,,nan,nan,,1
12,IMG_6471.MOV,,,west_sub,6.0,post,0.5,0.667,0.0,0.0,-90.0,0.8336000239923221,standard,1.0,0,,,nan,nan,,1
12,IMG_6462.MOV,,,west_sub,8.0,blocked,0.2,0.267,0.0,0.0,-90.0,0.333600059952033,standard,1.0,0,,,nan,nan,,1
14,IMG_0077.MOV,,,west_sub,7.0,goal,0.8,0.133,0.0,0.0,-90.0,0.8109802710300664,skip,1.0,0,,,nan,nan,,1
15,IMG_0131.MOV,,,west_sub,7.0,blocked,0.8,0.2,0.0,0.0,-90.0,0.8246211251235323,standard,0.0,0,,,nan,nan,,1
15,IMG_0135.MOV,,,west_sub,10.0,goal,0.3,0.133,0.0,0.0,-90.0,0.3281600219405161,skip,1.0,0,,,nan,nan,,1
